transaction_id,transaction_date,timestamp,description,merchant,amount,currency,payment_method,is_credit,category,is_amount_anomaly,is_frequency_anomaly,is_merchant_anomaly
TXN_202406_000001,2025-05-29,2025-05-29 17:05:37,limEriCK@credit*exCHangE|ReF@Eir:DeLiVEry_20250529 041902683106,EIR,41.86,EUR,CONTACTLESS,False,Bills,False,False,True
TXN_202406_000002,2025-05-04,2025-05-04 20:19:53,Dd/PENNEys;BILl*AuTH|EcOmmErce*REF/915699767#aUTH xpsEimvIhCW:TeRm:8026:bATcH,PENNEYS,103.46,EUR,CARD,False,Shopping,False,False,True
TXN_202406_000003,2025-05-21,2025-05-21 09:29:20,DD_bRunCHHouse:rEF.591828712236*ie,BRUNCH HOUSE,6.67,EUR,CARD,False,Food,False,False,True
TXN_202406_000004,2025-05-01,2025-05-01 05:47:59,pIn#APP@tRaNsFeR*IN:dELivery;LonDon;EcOMmerCe:FeE*PurchaSe#20250501.ref#05374918@autH-zA7tZ0/seQ,TRANSFER IN,641.99,EUR,ONLINE,False,Other,False,False,True
TXN_202406_000005,2025-05-14,2025-05-14 01:13:53,VXdP5Gjlq_iE recUrRinG@auTh CARd paYment/Term#sAmsUNg StorE|eXChAngE 2948470|CHIP,SAMSUNG STORE,386.05,EUR,TRANSFER,False,Shopping,False,False,True
TXN_202406_000006,2025-05-12,2025-05-12 15:35:33,Dd:DeBIt/App-pROpERTY mGMt|ORDer*Uk;ECOMmercE|apprOVED.tERminAl@12MaY25/rEF.6710243/teRM.1045618 DEbit,PROPERTY MGMT,122.47,EUR,ONLINE,False,Bills,False,False,True
TXN_202406_000007,2025-05-30,2025-05-30 09:28:56,MErcHaNt/pin#AUth#REf@loNDon|UX5QRL1N75_REf:rEcUrRinG@rEF.cArd|5882749582;ETsy 5882749582;5882749582.aPProved,ETSY,19.29,EUR,CONTACTLESS,False,Shopping,False,False,True
TXN_202406_000008,2025-05-16,2025-05-16 09:47:55,POS|in-sTORE;MedICal CLinIC_sUbscrIptiOn_maDrID*uS@RecuRriNg:Intl|cOmpLEtE-REF:340814,MEDICAL CLINIC,215.0,EUR,TRANSFER,False,Healthcare,False,False,True
TXN_202406_000009,2025-05-23,2025-05-23 03:54:41,So*ECoM#Sandwich Co@ORdeR_coRK;rEf/553136,SANDWICH CO,34.2,EUR,TRANSFER,False,Food,False,False,True
TXN_202406_000010,2025-05-06,2025-05-06 19:03:43,REf;Ie;StaNding oRDER@aUTH CaRd paYmenT:bATCH-appRoVed#pAYMENt;pEAl2w37d4i_aUth_5633744034#KioSK*NoRtH*outlet*irELand,NORTH OUTLET IRELAND,37.41,EUR,CARD,False,Food,False,False,True
TXN_202406_000011,2025-05-12,2025-05-12 21:46:15,ECom_pIn-THAi KiTCHen-BilL#ie@EcOMmErCe#auThCODe.rEf;272914;TeRm;8943330 IE/baTcH,THAI KITCHEN,18.88,EUR,CONTACTLESS,False,Food,False,False,True
TXN_202406_000012,2025-05-28,2025-05-28 20:21:17,7144796467;settlED_fee.tERM|9014340@ReF/reF.aUtH#wN2Y8FV2BC2.de@dD;dErmAtolOgy,DERMATOLOGY,201.13,EUR,TRANSFER,False,Healthcare,False,False,True
TXN_202406_000013,2025-05-02,2025-05-02 00:05:02,TRANsfEr-CharGEbAcK#Ie:sUbScRipTioN_recUrRiNG:20250502.REF@39337512141_autH;5p8637ZGf:terMINAl#DuBlin;autH*39337512141,CHARGEBACK,212.46,EUR,CARD,False,Other,False,False,True
TXN_202406_000014,2025-05-19,2025-05-19 21:34:24,cRedIt@aPcOa#paRkiNG-PaymENT;lImeriCk_uS*FEE@sUbScrIPTIon@20250519:Ref#9168467220-Irl,APCOA PARKING,98.66,EUR,ONLINE,True,Transport,False,False,True
TXN_202406_000015,2025-05-17,2025-05-17 14:07:43,ToLL ROAd-Seq IRl|coNtACTlEsS:Ref.CredIT#auth/47796493,TOLL ROAD,59.94,EUR,CARD,False,Transport,False,False,True
TXN_202406_000016,2025-05-18,2025-05-18 15:15:54,So|562293921777:eCOM:cHipPer;rEf.TrAnsaCTion Ie*PENDIng|pEnDIng,CHIPPER,43.19,EUR,TRANSFER,False,Food,False,False,True
TXN_202406_000017,2025-05-23,2025-05-23 21:27:51,pAyMent/iN-storE_zaRa.IE-ExcHaNGe|EcOMmErCE-REf;14475805028#SEQ,ZARA,57.97,EUR,CONTACTLESS,False,Shopping,False,False,True
TXN_202406_000018,2025-05-11,2025-05-11 12:00:18,349el8Hl8;APPRoved/peNdinG*aUtH;pAymENT#booKINg#TrACe-In-STORE|tK-MaXX-vIsA_uK/fEE,TK MAXX,46.93,EUR,CONTACTLESS,False,Shopping,False,False,True
TXN_202406_000019,2025-05-14,2025-05-14 12:01:47,POS#wAtErCHArGEs_ordEr:ParIs aUTHcoDe FX-Fx*Ref:689563213135@term_6669541*TRAcE_dUBLin,WATER CHARGES,162.86,EUR,CONTACTLESS,False,Bills,False,False,True
TXN_202406_000020,2025-05-09,2025-05-09 22:59:56,reF-sETTLeMent/70680914949;sTaTiOneRY mARt:fR/SEQ-Ie,STATIONERY MART,246.58,EUR,TRANSFER,False,Shopping,False,False,True
TXN_202406_000021,2025-05-31,2025-05-31 22:01:54,dIRECt deBit_PIn@BUs eiReANn:fR#SUbSCRipTiOn*REf_502993.AuTh:SozCtwjLSH3.AUTH,BUS EIREANN,26.64,EUR,TRANSFER,False,Transport,False,False,True
TXN_202406_000022,2025-05-08,2025-05-08 14:23:37,DDE3cUP8IJl:PoS-auTH@OnLINe*DE_ECoM*sTandInG oRDer.WaTeR CHARgES_DeLIVeRY,WATER CHARGES,259.04,EUR,CONTACTLESS,True,Bills,False,False,False
TXN_202406_000023,2025-05-17,2025-05-17 07:40:51,17May25 CaRD PAymeNT_aUtHCode:tRaCE@Ref:909287388158*MErchanT TRIP-tRACE/ECoM|so;17mAY25.PAypaL,PAYPAL,791.53,EUR,TRANSFER,False,Other,False,False,True
TXN_202406_000024,2025-05-16,2025-05-16 22:01:27,3424220#mobIlE_zaRA;Term@AutH#CREDit:beRLin-paYMeNT/caRD paYMenT|loRxDT|us,ZARA,305.62,EUR,CARD,False,Shopping,False,False,False
TXN_202406_000025,2025-05-10,2025-05-10 23:28:49,Ref/yKnfu84XyJOA.mEtrO bus:TRANSAcTion*DeliVeRY_fx_YKnfu84xyJOa/439624494538;AUTh_iE:gaLwAY.tAp,METRO BUS,88.13,EUR,CONTACTLESS,False,Transport,False,True,True
TXN_202406_000026,2025-05-25,2025-05-25 05:36:48,MObILe;TRIp:tRaNsIT TOPuP/0292051;SEtTleMent|25MAY25;OnLiNe;45546194-TaP/rEF_De teRm,TRANSIT TOPUP,92.22,EUR,TRANSFER,False,Transport,False,False,True
TXN_202406_000027,2025-05-15,2025-05-15 05:39:24,ixOiq2Q4Qe DirEct DEbiT:886095441733|TermInaL:Ref_20250515/subScrIPTioN#pennEyS.886095441733/mercHANT dIrECT dEbIt-autH;eCom,PENNEYS,19.26,EUR,TRANSFER,False,Shopping,False,False,False
TXN_202406_000028,2025-05-30,2025-05-30 12:24:26,GaS;BIlL#COntACtlEss;CoNtactlEss/InTl.auTH;0ebKjf4-TeRm-7113096,GAS BILL,116.3,EUR,ONLINE,False,Bills,False,False,True
TXN_202406_000029,2025-05-23,2025-05-23 10:02:05,AUth.InTl*POs@801277826;AuTh|POS#ReF@dD#Pos-tap:ciTYClinICinc_LoNdon:5x8A5fbUotDh,CITY CLINIC INC,35.56,EUR,TRANSFER,False,Food,False,False,True
TXN_202406_000030,2025-05-08,2025-05-08 01:42:13,378084252116;trAnSITTOpup#BaTCh*STAnding order-IE:kIosK/REf*lOnDon,TRANSIT TOPUP,44.95,EUR,CARD,True,Transport,False,False,False
TXN_202406_000031,2025-05-09,2025-05-09 15:49:14,PRIme ViDeO_sUBscRIptION*gaLWAy/ecoMMErcE@CoMMISsioN-ref:32551549573@Auth*x0QzfHOMtZzF.IrL,PRIME VIDEO,24.81,EUR,ONLINE,False,Entertainment,False,False,True
TXN_202406_000032,2025-05-30,2025-05-30 06:31:47,SEQ@SETtLEMEnT/71549-termInaL CArd#tERM:FR_ReF;InTErnET providER,INTERNET PROVIDER,306.73,EUR,CONTACTLESS,False,Bills,False,False,True
TXN_202406_000033,2025-05-15,2025-05-15 02:24:39,CArD_EcOm.tErmiNal:electrIC;bILL@SubSCriPtIon:CARD PAyMENT*ref;6970110-txN:IE_TeRMInaL_ECOm|tErMinAl,ELECTRIC BILL,335.24,EUR,TRANSFER,False,Bills,False,False,True
TXN_202406_000034,2025-05-07,2025-05-07 08:52:24,Ipa2vO*INtL IRL|FX.ETsy#ToPup|AuTH tAp.conTaCtlEsS#tErM 5661,ETSY,487.43,EUR,TRANSFER,False,Shopping,False,False,False
TXN_202406_000035,2025-05-17,2025-05-17 19:44:37,rEnt PaYmeNT/20250517*rEf@03990751526@AUth.u01uyzpD2tS sEtTlEd;settLeD,RENT PAYMENT,85.05,EUR,CONTACTLESS,False,Bills,False,False,True
TXN_202406_000036,2025-05-23,2025-05-23 07:09:03,ReF@TrACE*dElivery;ExcHANge ViSa;52246514313:aPcOa PaRKING;ComPLETe teRMINal;nl,APCOA PARKING,116.6,EUR,CONTACTLESS,False,Transport,False,False,False
TXN_202406_000037,2025-05-05,2025-05-05 13:19:58,SO-sHell:fUEL GalwAy*iE|rEF|378671110,SHELL FUEL,66.21,EUR,CONTACTLESS,False,Transport,False,False,True
TXN_202406_000038,2025-05-23,2025-05-23 01:33:06,ECOm_VOdAFonE_20250523 bATcH|DeLiverY_3048880-GALway:credIT@OnlinE|TeRm,VODAFONE,308.45,EUR,CARD,False,Bills,False,False,True
TXN_202406_000039,2025-05-20,2025-05-20 01:06:36,cArd pUr.elEcTRic bIll@uS REcUrRiNG reF 264038266203_AUTh-Aym0WBGlmY62*TXN.seTTLed,ELECTRIC BILL,189.84,EUR,TRANSFER,False,Bills,False,False,False
TXN_202406_000040,2025-05-18,2025-05-18 10:17:09,FX.mOBilE;POS:Fx#THEHoMesToRe:fEe.poS/80975086036;ref|fEe*InTl;InTl,THE HOME STORE,145.22,EUR,ONLINE,False,Shopping,False,False,True
TXN_202406_000041,2025-05-01,2025-05-01 19:32:25,aUth@TErMInaL;oq2vpGStqMGv@CHippeR|delIvERY-gALWaY-20250501_poS-fx_0618691:rEf-COMMisSiON,CHIPPER,19.42,EUR,CARD,False,Food,False,False,False
TXN_202406_000042,2025-05-10,2025-05-10 14:24:43,206058/batCh@cREDiT|TiCKeTmAsTER 69300045;TERM reF/BooKINg,TICKETMASTER,264.19,EUR,TRANSFER,False,Entertainment,True,False,True
TXN_202406_000043,2025-05-18,2025-05-18 11:21:43,AuTh_1175405-iRL:838ammZohX*auTH_rEF_CrEDit_COSTA cOffeE;SUBScripTiON,COSTA COFFEE,38.86,EUR,ONLINE,False,Food,False,False,True
TXN_202406_000044,2025-05-17,2025-05-17 03:39:23,TrANSAcTIOn:traNSfeR|tErm*FOOdtruCK|auTH-8324481@AuThCOde|FR/BsciQuP06Idi:lonDon,FOOD TRUCK,31.68,EUR,ONLINE,True,Food,False,True,True
TXN_202406_000045,2025-05-29,2025-05-29 01:07:24,Ref_dEbit;eCOmmERCe;TRAnSFeR|ecoMmercE@term:seQ-suBsCRiPTIon bILl|autH|Ffh8AOy7RP0|08296|KioSk_98908408291;bOokiNG/INtL:SeQ,SUBSCRIPTION BILL,23.9,EUR,CONTACTLESS,False,Bills,False,True,True
TXN_202406_000046,2025-05-09,2025-05-09 09:40:53,CRediT.dunKin-tERMInAl_COMPlete#terM-02514630#dUbLiN_aUTh,DUNKIN,40.09,EUR,CONTACTLESS,False,Food,False,False,True
TXN_202406_000047,2025-05-01,2025-05-01 15:48:27,Card;WEb;NEwMARkEtlTd.SuBSCRiption.CoRK@US-REf_590257354913#auTh|so1lQsr-TERM 503126@aPProveD_tXN,NEW MARKET LTD,29.47,EUR,CARD,False,Food,False,False,True
TXN_202406_000048,2025-05-12,2025-05-12 09:20:03,so-debIt#KIosK@ThE-cAfE-co:DublIn:commISSIon/SettlEMEnT*ONLiNe/ReF@40353046248:TErm;344878#auth#DuBLiN,THE CAFE CO,177.69,EUR,ONLINE,False,Shopping,False,False,True
TXN_202406_000049,2025-05-24,2025-05-24 23:15:59,ViSA*In-STore@appLE music#REf#0770962367.tERminAl,APPLE MUSIC,11.22,EUR,TRANSFER,False,Entertainment,False,False,True
TXN_202406_000050,2025-05-15,2025-05-15 15:55:47,REF@sO|rEf|BAtcH*ref@80661915057 CaRD verIficATiON,CARD VERIFICATION,550.29,EUR,CONTACTLESS,True,Other,False,True,True
TXN_202406_000051,2025-05-27,2025-05-27 08:47:23,CaRD PUr-CharITy DonAtioN:BilL lonDON/Es_TRanSAction.recUrRiNg.rEF 417132287|417132287,CHARITY DONATION,722.33,EUR,ONLINE,False,Other,False,True,True
TXN_202406_000052,2025-05-02,2025-05-02 16:06:32,caRd_DUNKin|DE*RecURring:reCURring|PENdiNg|Ref|820926403064_auTH;8VRw9MyYOKE|TErM*8610;Seq,DUNKIN,29.22,EUR,ONLINE,False,Food,False,True,False
TXN_202406_000053,2025-05-14,2025-05-14 03:39:14,ReF/3617428;in-storE.N3eh81A4rkg;TERMInaL#980168912457#AUTh.Txn|KfC*term;stANdinG oRdEr,KFC,30.47,EUR,CARD,False,Food,False,False,True
TXN_202406_000054,2025-05-14,2025-05-14 13:05:05,Us.641501 card pAymEnT|dIrecT debIt.BAtCH/ReF-CITY DINEr GROUP.TerMInAl#TERM/AUth 0500434/Kr2fVb66/boOking,CITY DINER GROUP,28.15,EUR,TRANSFER,False,Food,False,False,True
TXN_202406_000055,2025-05-30,2025-05-30 15:17:38,cOMplETe|Fee;6329391|6329391;Fee|20250530_ReF#tErMinal|SEq;GrOcErY_deLI/sEQ.ReF,GROCERY DELI,24.36,EUR,ONLINE,True,Food,False,False,True
TXN_202406_000056,2025-05-03,2025-05-03 07:12:10,PayMENT:debiT#PRiME VIDeo@orDEr@REf;993867*aUTH|pkwCyukND1iV*terMINal/REf,PRIME VIDEO,51.2,EUR,TRANSFER,False,Entertainment,False,False,False
TXN_202406_000057,2025-05-01,2025-05-01 17:07:09,ref|3315764;cArD pUr|ES:wEb|mASterCaRD|fEE#tOPUp.SUBWAy@71335-TErM,SUBWAY,38.8,EUR,CARD,False,Food,False,False,True
TXN_202406_000058,2025-05-24,2025-05-24 21:54:17,5777473 TErM*AuTH 20250524*SO/reF:7pp4BF5L0rxm|7pp4bF5l0rxM*6475307 M7ToLl*7Pp4Bf5l0RXM,M7 TOLL,119.76,EUR,CARD,False,Transport,False,True,True
TXN_202406_000059,2025-05-22,2025-05-22 23:29:24,PIN*MORTgAGe;payMENT.PaymENT-UK/rEF*530761@aUth:Z6tpbws_Ref.z6TPbWs*piN,MORTGAGE PAYMENT,300.96,EUR,ONLINE,False,Bills,False,True,True
TXN_202406_000060,2025-05-04,2025-05-04 09:15:47,ECOM|iNtErNET pROvIdER@sUbSCRIpTION*ComPLETe/IntL rEf_32596267633*AUth;Cr8b97*terM-58920,INTERNET PROVIDER,689.44,EUR,CONTACTLESS,False,Bills,True,False,False
TXN_202406_000061,2025-05-14,2025-05-14 05:53:27,PiZZA:HUT-LOndoN*rEf@8006567*auTH.geRsDuhH-8006567|geRsdUhh,PIZZA HUT,31.29,EUR,ONLINE,False,Food,False,False,True
TXN_202406_000062,2025-05-22,2025-05-22 14:14:38,Ref:2760471;orDER@SUbscRIptiON biLL;cArd PuR@gALwAy,SUBSCRIPTION BILL,279.95,EUR,CARD,False,Bills,False,False,False
TXN_202406_000063,2025-05-20,2025-05-20 10:19:32,mASTErCaRD_eLECTric*irelanD;MADRid*CarD pAYmEnT-purChAse#EcommErce_reF|973526183#AuTh;25b7kxUpr6h2#terM 3817,ELECTRIC IRELAND,102.97,EUR,CONTACTLESS,False,Bills,False,False,True
TXN_202406_000064,2025-05-12,2025-05-12 08:08:46,Ref#fr/ONLiNE/oRdeR*406011506332;boLT-406011506332_PendiNg terM;pending;0929.0929/CaRd paYMENt,BOLT,67.11,EUR,TRANSFER,False,Transport,False,False,True
TXN_202406_000065,2025-05-30,2025-05-30 20:32:52,dd/MasTERcArD:lOAN/PAyMent*pAYmEnt*dubLIN*uS:InTl;fX/Ref@296417087121:AUtH@6fhrXJpt,LOAN PAYMENT,714.1,EUR,ONLINE,True,Other,False,False,True
TXN_202406_000066,2025-05-09,2025-05-09 06:37:24,CREDIt#Ref@bERLIn@REcuRriNg#Fx;fX-049505610.NeW cafe iNc,NEW CAFE INC,7.32,EUR,CONTACTLESS,False,Transport,False,False,True
TXN_202406_000067,2025-05-18,2025-05-18 06:52:28,pIN-In-sTore-MObILE_BilL PAymEnT/UK@ReF-0299157.ie,MOBILE BILL,79.33,EUR,CONTACTLESS,False,Bills,False,False,True
TXN_202406_000068,2025-05-06,2025-05-06 13:33:21,tRANSfER_vISa_LOcal sTOre/beRLIn|auTH-8Kd9gNLpy|TErm@199355/ref#tErM*REf#TerM,LOCAL STORE,215.5,EUR,ONLINE,False,Shopping,False,True,True
TXN_202406_000069,2025-05-27,2025-05-27 23:35:38,irL/InTL;LiVe:natIon:9uU2BL/MobIle_reF Auth-LONDOn.27mAY25;autH,LIVE NATION,39.07,EUR,TRANSFER,False,Entertainment,False,False,True
TXN_202406_000070,2025-05-14,2025-05-14 19:58:43,TRip#AuTH/AuTH/Term/345811-paRking;MetER;ReF|1hll9RzRk_mERChaNT@345811/91259_PAyMENt;LOndon,PARKING METER,62.72,EUR,ONLINE,True,Transport,False,False,True
TXN_202406_000071,2025-05-20,2025-05-20 13:06:31,FX;eXchanGe|taP;aUtH/24S0lgu-82874294*TERM;PuRChaSE_ref-beRliN@aUTH#bERlIN-91688516|SubSCripTioN|bILl,SUBSCRIPTION BILL,325.26,EUR,CARD,False,Bills,False,False,False
TXN_202406_000072,2025-05-04,2025-05-04 19:24:27,conTaCTLESS|CHIp@Pos pArKinG_MEteR.BiLl/04May25-REF-25320222,PARKING METER,46.44,EUR,TRANSFER,False,Transport,False,False,False
TXN_202406_000073,2025-05-23,2025-05-23 01:16:56,PAymenT|jkCU5X|ie/524427_REF dUNkIN#AUTh#MASTErCARD,DUNKIN,5.26,EUR,ONLINE,False,Food,False,False,False
TXN_202406_000074,2025-05-04,2025-05-04 21:03:41,cONTactleSS-EtSY.tOPUP.FR#pendIng INTl.PUrcHaSe;20250504;REf@786161349@TErM;1206,ETSY,239.56,EUR,CONTACTLESS,True,Shopping,False,False,False
TXN_202406_000075,2025-05-01,2025-05-01 14:02:13,209263/AuTh-209263#viSiOn carE@ecOM@67vGp5 ref|20250501:rEF:auTH 209263,VISION CARE,62.56,EUR,TRANSFER,False,Healthcare,False,False,True
TXN_202406_000076,2025-05-18,2025-05-18 08:52:39,MEdiCaL-clInIc:pin;45036860_AuTh.commIsSioN-REF-AUtHCODE;rECURRIng*DUbLIN,MEDICAL CLINIC,199.1,EUR,CONTACTLESS,False,Healthcare,False,True,False
TXN_202406_000077,2025-05-19,2025-05-19 17:55:04,gas biLL TERM*270890589530/txN-puRCHASe*Ie#meRchANT Visa_rEF-CoRk.stANDinG OrDER:9960428,GAS BILL,258.19,EUR,CONTACTLESS,False,Bills,False,False,False
TXN_202406_000078,2025-05-26,2025-05-26 04:02:15,liMerIck@POs*ELecTRiC bIll:ES;PAYMENt|inTl-EcOMMeRcE;TraCe_traNsAcTIon.aPPRoVED,ELECTRIC BILL,269.83,EUR,TRANSFER,False,Bills,False,False,False
TXN_202406_000079,2025-05-22,2025-05-22 13:04:41,Pos#Ie;fX@rEF/SubscriPTIon-AUTh-Mri SCan-2vXsLhU6l2;17699959675:baTCH:ApP|ContaCTLESs*EXcHANGE,MRI SCAN,71.24,EUR,ONLINE,False,Healthcare,False,False,True
TXN_202406_000080,2025-05-31,2025-05-31 08:38:48,SEq#orDEr*pOs:MadRiD@ecoM;31MAY25@TERMInaL/reF|glOBAlClInIcPLC|dE 201347606801,GLOBAL CLINIC PLC,8.02,EUR,CARD,False,Food,False,False,True
TXN_202406_000081,2025-05-23,2025-05-23 10:58:22,paYmENT;fOOD*TRucK|dublIn REF:413272217617#auTh@Csz0a0 CSz0A0*Csz0a0-REF,FOOD TRUCK,16.18,EUR,CONTACTLESS,False,Food,True,True,False
TXN_202406_000082,2025-05-04,2025-05-04 05:12:28,cRediT:termInAL_ETsy/SetTlemENt*CoMPlEtE#04MAy25/rEf.675249978158#auTh|gQ9azhDQd AUTh.SETtlEMENt@04mAy25,ETSY,24.34,EUR,TRANSFER,False,Shopping,False,False,False
TXN_202406_000083,2025-05-24,2025-05-24 20:48:34,CaRd_eCom_pOS-coSta:coFFEE:GALwAY|ONlInE;pUrcHasE;reF#601712106646.IE:sETTlED,COSTA COFFEE,23.75,EUR,CONTACTLESS,False,Food,False,False,False
TXN_202406_000084,2025-05-06,2025-05-06 11:19:10,PAYMENt.CARd VERIFiCAtION;oRDER:BeRLIn intl_TERM/71399378_TeRmInaL BErlIn,CARD VERIFICATION,601.88,EUR,TRANSFER,False,Other,False,False,False
TXN_202406_000085,2025-05-02,2025-05-02 09:27:16,REf;6yJMk3#5684408-ReF;dUBlIn-aUTH@20250502/PuRcHASE DISNEy_PLUS,DISNEY PLUS,49.48,EUR,ONLINE,False,Entertainment,False,False,True
TXN_202406_000086,2025-05-23,2025-05-23 19:52:29,card PuR.debit#cHaRGiNg/StATIoN;ORDER:onlinE*Ref.44156547*TerM@9353913_trAcE,CHARGING STATION,72.44,EUR,CARD,False,Transport,False,False,True
TXN_202406_000087,2025-05-15,2025-05-15 23:04:00,sTanDiNg ORdeR Pin#GrOCErY dELi_SUbSCRIptION:berlin*sETtleMent-aUtHCode*ReF:39720608422|AutH;LQJJBfsA5,GROCERY DELI,41.42,EUR,TRANSFER,True,Food,False,False,False
TXN_202406_000088,2025-05-15,2025-05-15 20:12:37,Dd|crEDit.APP/SuBScRIPtIoN#BILl*orDER_ONlInE;SubScrIPTiON|ReF/439465177253_aUth.y7hyLG*TErm@86199,SUBSCRIPTION BILL,266.88,EUR,TRANSFER,False,Bills,False,False,False
TXN_202406_000089,2025-05-27,2025-05-27 16:03:58,viSa:TrANSfer#TErm;35684050|DeRmaTOLOgy-7742487|7742487|20250527@rEf,DERMATOLOGY,15.16,EUR,ONLINE,False,Healthcare,False,False,False
TXN_202406_000090,2025-05-03,2025-05-03 20:41:51,PiN_cOMmiSSiOn-cARd puR|IrL;20250503#InTEREsT*ChArge:iNtEREst*charGe,INTEREST CHARGE,13.66,EUR,CARD,False,Other,False,False,True
TXN_202406_000091,2025-05-13,2025-05-13 10:00:36,boOKInG/staNDiNG OrdeR/TXN*FX/TErMiNaL:rEF;AUth#TaP;8g35Sfy1h0S2@AUth|pARkinG_metEr@1241528349,PARKING METER,24.56,EUR,TRANSFER,False,Transport,False,False,False
TXN_202406_000092,2025-05-08,2025-05-08 18:27:42,contACTLess.eCom.tk MaXX|nl_TRansactIoN-exchANGE/CompLeTe|rEF@216324*AUth|4J3m9iqbq/apprOVed,TK MAXX,414.0,EUR,TRANSFER,True,Shopping,False,False,False
TXN_202406_000093,2025-05-05,2025-05-05 10:55:52,dD#govt serVICE*BooKInG-PURchaSE.REF/847039;AUTH:80zRZ79H@SettlEd_apPrOVED,GOVT SERVICE,636.65,EUR,TRANSFER,False,Other,False,False,True
TXN_202406_000094,2025-05-17,2025-05-17 04:52:52,17MAY25:ECoMmErCE:coNTACtLEss;470094867580*Pin rEf@KIosk/sUbSCRipTion biLl,SUBSCRIPTION BILL,23.18,EUR,ONLINE,False,Bills,False,False,False
TXN_202406_000095,2025-05-09,2025-05-09 06:52:49,BoWLInG.alley deLivERy/LonDoN|EXchANgE-mObiLe.Txn Visa,BOWLING ALLEY,3.8,EUR,TRANSFER,False,Entertainment,False,False,True
TXN_202406_000096,2025-05-21,2025-05-21 01:36:34,34873334|ComMissiON-TRaCe.aUth@tRansFeR-lOnDOn/PiN@term_aUTh|488916248|westdINEREu;PnNlo0hHg:REf,WEST DINER EU,35.69,EUR,CONTACTLESS,False,Transport,False,False,True
TXN_202406_000097,2025-05-17,2025-05-17 00:31:20,reF;fee.471321204689 mAdRid|tERmiNAL_tRanSFeR.eXChANgE@ie#TriP_LYFt:eCom,LYFT,78.81,EUR,TRANSFER,False,Transport,False,False,True
TXN_202406_000098,2025-05-22,2025-05-22 02:20:37,tRACe;BooKING.apPrOVED.873813@coURSEpaYmEnT|bAtCH.AUth@PIN@mAdRID.dIRECt debit-XGvgdOFmaOK8 reF|weB,COURSE PAYMENT,558.76,EUR,ONLINE,False,Other,False,False,True
TXN_202406_000099,2025-05-15,2025-05-15 10:06:59,TAp_dOMInOs@Term 580710015927;aPprOVeD.rEf|TranSACtioN:cArD:3040476#TRip*PenDIng,DOMINOS,13.87,EUR,CONTACTLESS,False,Food,False,False,True
TXN_202406_000100,2025-05-26,2025-05-26 21:54:15,CarD dEbIT;NEW MArket lTD;ToPUP;RecurrinG-cONTaCtLeSS/20250526/CARd,NEW MARKET LTD,311.54,EUR,CARD,False,Shopping,False,False,False
TXN_202406_000101,2025-05-18,2025-05-18 21:10:56,SOUtH CAfE CO ECOMmerCe.carD pAYMEnt-ReF|317753635769#AUth#q46gA2SDFC8_tERM/3269102;iE,SOUTH CAFE CO,272.4,EUR,CONTACTLESS,False,Shopping,False,False,True
TXN_202406_000102,2025-05-31,2025-05-31 03:06:10,chIP*VIsIOn#caRe_LONDoN*EXchaNGe-OnLInE;TERM/01165,VISION CARE,18.47,EUR,CARD,False,Healthcare,False,False,False
TXN_202406_000103,2025-05-27,2025-05-27 07:47:58,carD;CHIp.tERMiNAl@PEnneYs@PariS|nL@iNtl_ecOMmeRCE-TermINal,PENNEYS,474.95,EUR,CONTACTLESS,False,Shopping,False,False,False
TXN_202406_000104,2025-05-19,2025-05-19 08:32:36,PoSt#oFfIce.ApP|dUbliN/W8D09JrD4h*cArD PUR|rEF*PoS_MerchanT*ApPrOVeD@93205719:De_DELIVerY-Auth,POST OFFICE,41.74,EUR,CARD,False,Other,False,False,True
TXN_202406_000105,2025-05-06,2025-05-06 04:34:59,pos/neTfLiX:loNdON AUTHcOde_mERCHANT|CARd PaYMEnt/REf#912547,NETFLIX,28.06,EUR,CARD,False,Entertainment,False,False,True
TXN_202406_000106,2025-05-04,2025-05-04 04:47:45,cOsTAcoffee.ref:uK:dD 761716220@HUP3fTj-irL/DELIVeRY PoS|aUTH,COSTA COFFEE,3.92,EUR,CARD,False,Food,False,False,False
TXN_202406_000107,2025-05-30,2025-05-30 12:37:13,20250530#CarD*appROvED-ReF-660130900097|aUTH GoVT sErVICe/pos_In-SToRe*iE@trAce,GOVT SERVICE,229.89,EUR,ONLINE,False,Other,False,False,False
TXN_202406_000108,2025-05-12,2025-05-12 10:00:06,TRAnsacTion@12May25*rEf_iNtL;084485982288@HeaLth STore_RECurRInG,HEALTH STORE,97.16,EUR,TRANSFER,False,Healthcare,False,False,True
TXN_202406_000109,2025-05-12,2025-05-12 05:24:51,phYsIO center@CONtACTLeSs_7092694736-DIrect debIt@9808/AUtH-reF|TeRM_bguAXn:oRdEr,PHYSIO CENTER,328.59,EUR,CARD,False,Healthcare,False,False,True
TXN_202406_000110,2025-05-27,2025-05-27 21:32:15,rEf@EIr*BErlIN@CONTactlESS@AUTh#0YEH8u|65859272#toPup-Ie@aPp,EIR,241.68,EUR,TRANSFER,False,Bills,False,False,False
TXN_202406_000111,2025-05-10,2025-05-10 08:51:15,rEf:Batch*Irl;ordEr/5336838375_TErMINAl_AUTH;8aCueObqt/SEtTLEmenT_DD-BiKe share:coNtactLesS,BIKE SHARE,111.94,EUR,TRANSFER,False,Transport,False,False,True
TXN_202406_000112,2025-05-24,2025-05-24 00:12:25,staNDinG OrDer pos_lEap TOPuP;oRDeR_pArIS fEE ECOMMErcE:24may25@reF 817601446074#DUBLIN,LEAP TOPUP,65.42,EUR,CONTACTLESS,False,Transport,False,False,True
TXN_202406_000113,2025-05-18,2025-05-18 16:47:00,CofFeE@RoAsTeRs*32087178419-OnLInE dEbiT*53k9OM115#PayMent#tERm 7735118/AuTh:ReF,COFFEE ROASTERS,17.37,EUR,TRANSFER,False,Food,False,True,True
TXN_202406_000114,2025-05-07,2025-05-07 12:23:39,reF;4340968.PEnDInG#aUTh@GaS netwORks#DEBIt COnTactlESs t7BnA2i7P8/card paymEnT.ie:CARD,GAS NETWORKS,311.2,EUR,CARD,False,Bills,False,False,True
TXN_202406_000115,2025-05-20,2025-05-20 06:11:56,madRId_20mAy25:DARt reF;chiP.paYMEnT@59263696,DART,101.1,EUR,ONLINE,False,Transport,False,False,True
TXN_202406_000116,2025-05-20,2025-05-20 12:58:56,AMzn mKTPLacE;amzn mKtPlaCe*ORdeR_Uk/AmZN mKTpLAcE#pARis/MOBiLE,AMZN MKTPLACE,62.81,EUR,CONTACTLESS,True,Shopping,False,True,True
TXN_202406_000117,2025-05-11,2025-05-11 01:09:55,caRD PaYmenT-CaRd PaYmENt-eCOM;11maY25-aUTH;fOrEign excHange_858115915:rEf,FOREIGN EXCHANGE,35.36,EUR,ONLINE,False,Other,False,False,True
TXN_202406_000118,2025-05-20,2025-05-20 10:54:47,pOs.eSsO;biLl;eCOMMeRcE:943067_rEF,ESSO,76.47,EUR,ONLINE,False,Transport,False,False,True
TXN_202406_000119,2025-05-13,2025-05-13 14:37:25,cOUrSE PAYMENt*ReF*tErm*17306599-CaRd Payment_9192636/SUBscRIPtioN|KiOsk;17306599@REf-so/lOnDON@UK,COURSE PAYMENT,661.35,EUR,CONTACTLESS,False,Other,False,False,False
TXN_202406_000120,2025-05-31,2025-05-31 07:08:41,ComMisSION@mErCHanT:Term/s2gT30|reF|fRee now 724718979.delIvERy*autH@TAp|stAnDinG ordeR|1686,FREE NOW,96.42,EUR,CONTACTLESS,True,Transport,False,False,True
TXN_202406_000121,2025-05-11,2025-05-11 07:42:57,TeRMinaL_7978.mASTerCard|SaNdWIch Co|985553277351 Ref#auTh*WeB.TERm,SANDWICH CO,32.8,EUR,CONTACTLESS,False,Food,False,False,False
TXN_202406_000122,2025-05-17,2025-05-17 03:09:48,weB|dART*lIMeRiCK:EXCHanGE_autH@REF.826516@aUth.1IQFG7@AUTH-irL auTH,DART,14.3,EUR,CONTACTLESS,False,Transport,False,False,False
TXN_202406_000123,2025-05-31,2025-05-31 02:31:10,41411043_iNTl/TRacE-uS:REf Lyft#DelivERY-DD@autH,LYFT,66.46,EUR,TRANSFER,False,Transport,False,False,False
TXN_202406_000124,2025-05-30,2025-05-30 12:50:38,pHarmacy PLus#orDeR-lonDOn|termInaL mERcHAnt_mERcHaNT|ref:179655994;AUTh@3J548FhBQ64#tERM|0160860,PHARMACY PLUS,290.39,EUR,TRANSFER,False,Healthcare,False,False,True
TXN_202406_000125,2025-05-10,2025-05-10 19:24:24,pOs vIsA mObiLE.Bill@LoNDoN-sETtlement|mERCHaNT.terminal*ref#2049319560-AUtH;ckH3v10M1v39#rEF,MOBILE BILL,328.09,EUR,TRANSFER,False,Bills,False,False,False
TXN_202406_000126,2025-05-05,2025-05-05 03:32:37,reNt:PAyMENT;TOpUP.eCoMmErCE_peNdiNG.rEF_341893@trACe,RENT PAYMENT,213.83,EUR,CARD,True,Bills,False,False,False
TXN_202406_000127,2025-05-17,2025-05-17 12:30:45,PIn*pOS*DuNnes_stoREs*COrk|TErminaL mErcHANT;SUbsCriPtION 17may25|reF/37059632531-SeTtLed;AuTh#sUbScription@tErMINAL/TerminaL,DUNNES STORES,68.29,EUR,ONLINE,False,Shopping,False,False,True
TXN_202406_000128,2025-05-18,2025-05-18 20:14:37,bp FuEL/traNSAcTiON SetTlEMeNt.EcOmmERCe.REF*011100:AuTh.pe6sWYu2r_TERM/5813#baTcH,BP FUEL,30.17,EUR,CONTACTLESS,False,Transport,False,False,True
TXN_202406_000129,2025-05-06,2025-05-06 11:29:54,310576@tErM#NORtH OuTlEt LtD/TrACE_REf|3104339447#De,NORTH OUTLET LTD,348.14,EUR,CARD,False,Shopping,False,False,True
TXN_202406_000130,2025-05-05,2025-05-05 13:04:24,STAnDing ORdEr-ESSo;sUBSCripTioN_REf#634703984810*Auth@PLA8JZ9DS2UL/TerM 75452,ESSO,111.09,EUR,CARD,False,Transport,False,False,False
TXN_202406_000131,2025-05-22,2025-05-22 19:06:56,PAYmEnt;teRm.FEe|THREe 98619*piN,THREE,348.91,EUR,CARD,False,Bills,False,False,True
TXN_202406_000132,2025-05-22,2025-05-22 19:13:19,VISa_9630304.EcOM#Ref;ecOmMeRcE aau76tcnPJ PaRIS_aUtH|Uber#TerMinAL,UBER,26.38,EUR,CARD,False,Transport,False,True,True
TXN_202406_000133,2025-05-08,2025-05-08 13:42:51,dIrecT dEbIT#PaYPAl_oRDER@galWaY@UK@card Payment;aUthCoDe_cOmPlEtE_rEf/0951540|AUtH#P1shnT;terM/85491635,PAYPAL,707.91,EUR,ONLINE,False,Other,False,False,False
TXN_202406_000134,2025-05-18,2025-05-18 08:04:39,dd.CHip;cArd vErIficatiON#REF@8305773093*AuTh|VGiPAxnq@TeRm@34809*Seq@Irl,CARD VERIFICATION,121.52,EUR,CARD,False,Other,False,False,False
TXN_202406_000135,2025-05-03,2025-05-03 13:13:57,46419906|Auth 822751118_CARd PAYMenT;authCoDe;8XvI673KLlZ/WIse-tranSfeR*GAlwAy tErm*Es:Ref,WISE TRANSFER,142.49,EUR,CARD,False,Other,False,False,True
TXN_202406_000136,2025-05-06,2025-05-06 04:40:44,Shell FUEL@BIlL_PArIS:TrAnsactioN.REf:1671518304;AUTh@M43T6u,SHELL FUEL,29.15,EUR,CARD,False,Transport,False,False,False
TXN_202406_000137,2025-05-11,2025-05-11 04:00:56,TerMinal|aUTh*0703957/TXn;teRMINaL tERm:2c23AG9X@20250511-INtErNETPROViDER_eCOm;PaYMENT REF_40907523#autH@TRANSfer,INTERNET PROVIDER,273.42,EUR,ONLINE,False,Bills,False,False,False
TXN_202406_000138,2025-05-03,2025-05-03 09:39:07,cONtACTleSs*m7#tolL:TrANsaCtIOn#REF/6499657*aUtH*7DF891QCg41r/teRm;32743817;DuBlIN,M7 TOLL,71.72,EUR,ONLINE,False,Transport,False,False,False
TXN_202406_000139,2025-05-27,2025-05-27 10:03:09,PUrchaSE*TRanSiT topuP|galWAY|autH#So-dUbLiN:pin@SEttlEd;27mAY25.IhJQcy,TRANSIT TOPUP,95.49,EUR,CONTACTLESS,False,Transport,False,False,False
TXN_202406_000140,2025-05-21,2025-05-21 06:28:36,AppRoVed reF@APpRoved.846795#tAp.EbAy_8wZgl51RgF_AUTH/STaNdinG OrdeR,EBAY,398.24,EUR,CARD,False,Shopping,False,False,True
TXN_202406_000141,2025-05-25,2025-05-25 21:44:37,191075913144_in-Store-CaRd paYmENt-tRANSfer Ncp;PArKiNG*0355.aUTh_corK/rEf/meRchant;ka1DlUCLl#autH|IE@tErM;sUbsCripTiOn,NCP PARKING,31.21,EUR,TRANSFER,False,Transport,False,False,True
TXN_202406_000142,2025-05-11,2025-05-11 22:48:47,aMaZoN|kIOSk|AuTH:rEF#ParIS*ECoMMerCE:cREdIt/wM3eqLS|MErcHaNt.coNtaCtLEss*coMpleTe 169813393/DelIVerY,AMAZON,206.0,EUR,TRANSFER,True,Shopping,False,False,True
TXN_202406_000143,2025-05-27,2025-05-27 14:34:42,DE/ADiDAS_IrL*X8U73NKb:DeLiveRy|AuTh|Irl#term.dUbLiN.20250527#sO@19644,ADIDAS,218.84,EUR,CARD,False,Shopping,False,False,True
TXN_202406_000144,2025-05-25,2025-05-25 04:19:28,eCom.POS/KiOSK/tRAIN ticKeT:deLIVeRY lImeRicK#ES;REf#8531512#tErM;3164-tRAIn tickeT#Ref,TRAIN TICKET,89.84,EUR,TRANSFER,False,Transport,False,False,True
TXN_202406_000145,2025-05-30,2025-05-30 10:48:37,ReF;809308769;809308769:bOoKShOP#BiLl-TAp@TERminaL/IRL.carD pur,BOOKSHOP,482.92,EUR,ONLINE,False,Shopping,False,False,True
TXN_202406_000146,2025-05-25,2025-05-25 13:05:23,CONTaCTLESS_viSa;WEb*chariTY donatIOn@bill.Uk.coMPLeTe#exchange Ref#2532074*AUTH@Wz8l6m,CHARITY DONATION,360.84,EUR,TRANSFER,False,Other,False,False,False
TXN_202406_000147,2025-05-28,2025-05-28 13:01:11,ecoM_Gp cONsulT-ToPUP/NL TERmInAL:AuThcODE#sETtLEMEnt 28MAy25-AuTH#XCRWDwF1tQ,GP CONSULT,66.89,EUR,CARD,False,Healthcare,False,False,True
TXN_202406_000148,2025-05-16,2025-05-16 03:36:10,aUth;TerM#UK_PrEt_a_maNgEr#aPprovED/387416*Ref:TERmINAL#ordEr,PRET A MANGER,82.43,EUR,TRANSFER,True,Food,False,False,True
TXN_202406_000149,2025-05-11,2025-05-11 07:17:34,dd:masTerCard#NaNDO's:paYMEnt-gaLWay@PUrcHAse;CONTACTleSs@rEF 052274#auTH*was1Ud_TErM.7098376*PAYMent_rEf,NANDO'S,18.05,EUR,CONTACTLESS,False,Food,False,False,True
TXN_202406_000150,2025-05-21,2025-05-21 05:50:40,EcOM|chip@WEB#cOurSE payMENT/oRDeR_sETtleMent:AUTH dB68Za0P@tERM*379311-SEq,COURSE PAYMENT,452.0,EUR,CARD,False,Other,False,False,False
TXN_202406_000151,2025-05-25,2025-05-25 11:10:22,cARD paYmEnT;48217650#LiMeRick;DE|AUTH|bookiNG|tERM/THe hoMe stoRE-cArD/aUtH@lxk2G5eO;DuBlIN_ReF oNlINE/594808891,THE HOME STORE,90.17,EUR,ONLINE,False,Shopping,False,False,False
TXN_202406_000152,2025-05-24,2025-05-24 04:05:20,aUth/200314800801-New OUTlet SERViCes@REF.CORK#APprOveD 779647|POS.teRM,NEW OUTLET SERVICES,66.41,EUR,TRANSFER,False,Entertainment,False,False,True
TXN_202406_000153,2025-05-25,2025-05-25 12:43:33,poS debIT pos_Luas.lImeRicK ref|3184540,LUAS,107.49,EUR,CARD,False,Transport,False,False,True
TXN_202406_000154,2025-05-28,2025-05-28 05:30:13,DiRect DEBiT@PIN|TRAin TickET.ie#20250528#rEf/25523989|AUTh#4GBGo8UTD9/TErm/2805848,TRAIN TICKET,100.88,EUR,CONTACTLESS,True,Transport,False,False,False
TXN_202406_000155,2025-05-25,2025-05-25 02:57:23,Ecom-ReF.bIll:TERm/5882767:gALWAy-cONtACtLEsS_autH-182337*PiZza_hUT,PIZZA HUT,53.22,EUR,ONLINE,False,Food,False,False,False
TXN_202406_000156,2025-05-23,2025-05-23 07:55:21,tRANSfeR.taCO BELl;topup#TermINAl@APpROVed.ApPROVed.ref_7273975;TeRMiNaL dubLiN,TACO BELL,7.91,EUR,CARD,False,Food,False,False,True
TXN_202406_000157,2025-05-09,2025-05-09 10:52:53,EASt elEcTRIcs EU_weB@914034/eASt eLECtRICS Eu|ES|914034#POs-rEF/madRId,EAST ELECTRICS EU,17.95,EUR,CARD,True,Entertainment,False,False,True
TXN_202406_000158,2025-05-25,2025-05-25 17:23:47,CARd/aTm.wIThdrawaL|sUbScRiptION/tERMiNal*MErcHAnt-20250525-reF;074060464025#terM/43354,ATM WITHDRAWAL,335.0,EUR,TRANSFER,False,Other,False,False,True
TXN_202406_000159,2025-05-19,2025-05-19 04:08:53,sO.VisA@NorTh;MArKEt;sErvicES_galWaY|auTH;SETtlemeNt@ecoMmeRCE REf_1797720795|TERm#151265,NORTH MARKET SERVICES,230.29,EUR,TRANSFER,False,Bills,False,True,True
TXN_202406_000160,2025-05-15,2025-05-15 04:33:32,sO uNivErSITY fEES@pAymENt TrANsaCTIoN-onliNE*apProVEd|rEF/468946|terM-35612,UNIVERSITY FEES,761.18,EUR,ONLINE,True,Other,False,False,True
TXN_202406_000161,2025-05-02,2025-05-02 08:11:38,in-sTORe|MerCHaNT;PEndInG;TeRm dUBlin@ecOmmerce;954463701215:BUrger kInG@20250502 REF_80251709_contactLESs,BURGER KING,12.03,EUR,CARD,False,Food,False,False,True
TXN_202406_000162,2025-05-10,2025-05-10 08:54:28,vcMGjvc2SM#BOokinG#SETtleD#DebiT moBILe-cAsh WItHDRaWal#subScripTIon:aUth;aUTH,CASH WITHDRAWAL,1.07,EUR,CARD,False,Other,False,False,True
TXN_202406_000163,2025-05-26,2025-05-26 12:24:06,poS/MAsTERCaRd WEb|SouTh CLInIC co/TOpUp:LONdON.EcOmmERCe*ref/9807278,SOUTH CLINIC CO,449.14,EUR,CONTACTLESS,False,Other,False,False,True
TXN_202406_000164,2025-05-22,2025-05-22 10:16:51,eCoM MOBILE*fInTECh tOpup.sUbScriPtioN*FEE*EXcHaNgE;Ref|5614434_AuTH*o34lPqK5FP7a_Term|3309|TErM,FINTECH TOPUP,472.84,EUR,ONLINE,False,Other,False,False,True
TXN_202406_000165,2025-05-21,2025-05-21 04:02:08,REF IRl@DEbIT@aUTH;mAdrID.fEe_CArDverificatION|hF1Pw26:apprOveD:staNDinG oRDer@356052073-APpROvED,CARD VERIFICATION,18.33,EUR,CARD,False,Other,False,False,False
TXN_202406_000166,2025-05-29,2025-05-29 05:08:58,TeRMinAL-ChaRGEBACK|oRDEr/CoNTAcTLESs.ref_43580530762:TERm*7558206|trAcE aUtH,CHARGEBACK,777.76,EUR,TRANSFER,False,Other,False,False,False
TXN_202406_000167,2025-05-02,2025-05-02 05:02:51,DebiT;kiosk;vOdAFoNe seTtlEmenT@SUbSCRIPTioN/02maY25_tErm#320302,VODAFONE,193.79,EUR,CARD,False,Bills,False,False,False
TXN_202406_000168,2025-05-24,2025-05-24 20:23:46,50411724|EXChange liVE NatIon;ORder|MadriD_TERM;irl.carD,LIVE NATION,50.95,EUR,TRANSFER,False,Entertainment,False,False,False
TXN_202406_000169,2025-05-18,2025-05-18 16:41:24,Card;dEBiT@ElEcTRIC#IRElAND|BiLl#lonDon#MeRchaNt@REf 354572936_aUth*p014x5dlw,ELECTRIC IRELAND,183.65,EUR,TRANSFER,True,Bills,False,False,False
TXN_202406_000170,2025-05-25,2025-05-25 23:13:45,0011505@deliVEry teRm-vISA:eaSt stoRe Co_ApProVed/nl|PaYmeNt@rEF:75569479_iE LIMERicK,EAST STORE CO,447.81,EUR,CONTACTLESS,False,Other,False,False,True
TXN_202406_000171,2025-05-20,2025-05-20 20:21:22,MoBiLE#YouTuBE prEMIUM;ruHMeZvsQ3h*BILL#TErmiNAl_REF_9204222337*2524_TERm:EcOMmErcE-AUtH:PAYMEnt,YOUTUBE PREMIUM,52.23,EUR,TRANSFER,False,Entertainment,False,False,True
TXN_202406_000172,2025-05-09,2025-05-09 10:53:55,BroadBanD@biLl:aUTH/CoMPLete/504893@TRaCe/fR#UwmW3m4dY99#TErm|SUBSCRiptiOn|loNdON,BROADBAND BILL,123.31,EUR,TRANSFER,False,Bills,False,False,True
TXN_202406_000173,2025-05-04,2025-05-04 09:25:50,iNtL:baTCH/COMPlETE;04MAy25 Ref/23609137_BiLl.SETTLEMEnT:ApPRoVeD|TerM;Nl sANdWich Co|cONTactlEsS@8061497504,SANDWICH CO,19.63,EUR,CONTACTLESS,False,Food,False,False,False
TXN_202406_000174,2025-05-10,2025-05-10 05:15:41,tRaNSFeR.CHIP DerMaToloGY galWAy/Auth-PuRCHaSe;10mAy25|REF:075565933259*AUth*Bd9Zmq_075565933259_aUTh,DERMATOLOGY,551.39,EUR,ONLINE,False,Healthcare,True,False,False
TXN_202406_000175,2025-05-28,2025-05-28 22:21:15,paYmenT*m7tOLL.merChaNt fx,M7 TOLL,41.62,EUR,ONLINE,False,Transport,False,False,False
TXN_202406_000176,2025-05-23,2025-05-23 09:22:57,DIRECT dEBIt:cRedIT_SUbScrIpTioNbilL@DelIverY-BerlIN|ecoMMERcE TransACTIon.APPrOveD:ReF 2436682374@tErM:5621_AUth,SUBSCRIPTION BILL,282.34,EUR,CARD,False,Bills,False,False,False
TXN_202406_000177,2025-05-08,2025-05-08 02:24:41,08MAY25*SHaKE shaCK-MADriD:ShakE shACK.ecOM@aUTH/COMmIsSION.FeE.417107354070.cREDIT_rEF.yOwypn,SHAKE SHACK,55.17,EUR,ONLINE,False,Food,False,False,True
TXN_202406_000178,2025-05-06,2025-05-06 19:14:47,cARd;CREdIT#de_gAlway@EiR,EIR,218.72,EUR,ONLINE,False,Bills,False,False,False
TXN_202406_000179,2025-05-01,2025-05-01 12:12:26,carD pur TaP WEB#Gas bIlL@ES ReF/596647020366;Auth*5VA97Kzb5:teRM#38993898#AUTh:REf#REF*5va97KZB5,GAS BILL,57.81,EUR,CONTACTLESS,True,Bills,False,False,False
TXN_202406_000180,2025-05-11,2025-05-11 17:52:17,Ref;AUth/terM/DeLIvERy;CoMpLeTE@115949*97499*qg6TUq54X1:AuTh-IRl_TERM#sETTLEd*NAnDO'S@iRL@115949@dEBiT|weB,NANDO'S,34.01,EUR,CARD,False,Food,False,False,False
TXN_202406_000181,2025-05-05,2025-05-05 09:25:34,trAnsfeR#tErmInAl:seRvICE@CHARgE-PAriS:FR@subsCriPtion*ReF*20679346257.duBlIn,SERVICE CHARGE,316.56,EUR,CONTACTLESS,False,Bills,False,False,True
TXN_202406_000182,2025-05-13,2025-05-13 04:42:33,20250513:20250513|pin_cARd PaYmENt 4nA46n0ABc/REf|fEE@delIVeRY;STaTiOnERy_marT/sTAtIONeRy_maRt#LiMERiCk.auth|56452351344,STATIONERY MART,112.29,EUR,ONLINE,True,Shopping,False,False,False
TXN_202406_000183,2025-05-29,2025-05-29 20:26:49,GAlWAy_ref;pURChaSe-IE.610427985273-taP#FoOD Truck;POS|29MAy25,FOOD TRUCK,15.06,EUR,ONLINE,False,Food,False,True,False
TXN_202406_000184,2025-05-05,2025-05-05 15:11:34,aUTH_ApPRoVEd-DELIVErY.INSUrancE PrEMiUm|ReF V8PrCMzz3t*306050827_TeRmINAL|AUThCOdE:onLiNE GaLwAy,INSURANCE PREMIUM,164.91,EUR,TRANSFER,True,Bills,False,False,True
TXN_202406_000185,2025-05-29,2025-05-29 06:47:19,SaMSUNG stOre:PAYmENt-2825609/2G10YC1n-uk#PAYmENT/cREDIT-Batch TRansACTION|ReF;CoRK@AuTH*2313105@TErM,SAMSUNG STORE,32.37,EUR,TRANSFER,False,Shopping,False,False,False
TXN_202406_000186,2025-05-01,2025-05-01 06:24:35,Dd#pos;StatIoNeRY mART#es#terMINal.20250501.REf/91051521101,STATIONERY MART,433.07,EUR,CONTACTLESS,False,Shopping,True,False,False
TXN_202406_000187,2025-05-02,2025-05-02 12:33:10,ViSA.BaNk FeE@bill-lonDOn/20250502.AutH|fmksliZ63iv_fmKsliz63iV-20250502,BANK FEE,611.12,EUR,TRANSFER,True,Other,False,False,True
TXN_202406_000188,2025-05-08,2025-05-08 22:18:00,dE.PoS.settlED-BYI4NzlOz7E/Auth_tRiP@ZAra*mAsTeRcaRD;LoNDon,ZARA,156.29,EUR,ONLINE,True,Shopping,False,False,False
TXN_202406_000189,2025-05-07,2025-05-07 15:23:06,ref|LOnDoN.TrAIN TicKET.qlJeThbVvjt8:cOMPleTE#TErm.aUth.PendinG_fr@in-sTore/dubLiN-882498433 onlIne|TerMINAl/976439:MaSTErCArD,TRAIN TICKET,64.4,EUR,CARD,False,Transport,False,False,False
TXN_202406_000190,2025-05-02,2025-05-02 14:56:14,cARD pur*PIn@CaR INSURANCE*TermInal.SuBscRipTiON,CAR INSURANCE,112.49,EUR,TRANSFER,False,Bills,False,False,True
TXN_202406_000191,2025-05-22,2025-05-22 04:26:27,chARgIng staTiON-DELIVERy-CreDIt_AUTH;724334957/YkqVOX2N5*FEE@card-Ref#IRL#bAtch,CHARGING STATION,82.82,EUR,CARD,False,Transport,False,False,False
TXN_202406_000192,2025-05-22,2025-05-22 02:58:10,PRoPerTY:MGMT-dvnQ494.20250522#20250522 Trip-Auth;ViSa#cONtAcTlEss|ExChanGE,PROPERTY MGMT,342.93,EUR,TRANSFER,False,Bills,False,False,False
TXN_202406_000193,2025-05-16,2025-05-16 18:51:59,952A768o3bT/tracE/bAtcH:TERm*eCOmMerCe AUTh@fee.85913217:duBLin-rEF eIR;24334,EIR,13.78,EUR,ONLINE,False,Bills,False,False,False
TXN_202406_000194,2025-05-17,2025-05-17 23:49:26,maSteRcaRd;Xray#Clinic/UK:TrANsACTiOn rEf.47684440:TeRM_29758412 47684440 47684440,XRAY CLINIC,175.96,EUR,ONLINE,False,Healthcare,False,False,True
TXN_202406_000195,2025-05-29,2025-05-29 16:25:25,73676051@bAtcH|pOs:eveNT TiCKEtS;O07Fs0gd;sEQ.AUtH.CoNtAcTlesS/rEF,EVENT TICKETS,11.03,EUR,ONLINE,False,Entertainment,False,True,True
TXN_202406_000196,2025-05-25,2025-05-25 19:54:57,TeRMiNAL#mEtrO|phaRMACY|seRvIces*aUTH.teRmInAL*eCOMmErcE rEf@45413674_Auth;lxqWlIFNnT,METRO PHARMACY SERVICES,433.24,EUR,TRANSFER,False,Shopping,False,False,True
TXN_202406_000197,2025-05-17,2025-05-17 19:26:02,TOPUp-ViSA/AUTh:lIMeRicK@75480650788#txn-AuTh;ODeoncInema#rEF-ToPuP#6YINW4,ODEON CINEMA,12.86,EUR,ONLINE,False,Entertainment,False,False,True
TXN_202406_000198,2025-05-13,2025-05-13 00:12:00,Transfer*LEaP TOpuP:SUbsCRIPTIon/maDRiD-Card PAYmeNt.autHcoDE*rEF@5556135086-AuTh.x2jpKVcb,LEAP TOPUP,48.9,EUR,CARD,False,Transport,False,False,False
TXN_202406_000199,2025-05-16,2025-05-16 02:54:31,parIS-tErm_6422.baTCh-AUtH@bAtCH_deLIvERy;PAYmeNt/H&m:EcomMercE:eS|y4AKl7xZVZyy,H&M,21.17,EUR,CARD,False,Shopping,False,False,True
TXN_202406_000200,2025-05-03,2025-05-03 21:50:05,CREDIT BIlL#PurCHase#nORth PHArMACY cO#bATcH:wEB-aPproVED*exchAnGe,NORTH PHARMACY CO,99.44,EUR,CONTACTLESS,False,Other,False,False,True
TXN_202406_000201,2025-05-26,2025-05-26 22:04:16,7607429 tRaNSiTtOPUP|aPPROvEd:dE.PAYmeNT:POS-kIoSK_oRDEr*ref:aUth.de-TWxZB5Oe,TRANSIT TOPUP,38.89,EUR,CONTACTLESS,False,Transport,False,False,False
TXN_202406_000202,2025-05-10,2025-05-10 22:54:07,MAdRID_CharITY DoNatIon-bOOkINg/10MaY25 86865729@REF#dd;88644683197_TerM,CHARITY DONATION,731.88,EUR,CONTACTLESS,False,Other,False,False,False
TXN_202406_000203,2025-05-01,2025-05-01 01:46:12,TRanSFER_Pin muSeUM.PASS_ToPUp.cOrk@trANsaCTIOn.reF*82563255.aUth@h2vG9MSUiQi2,MUSEUM PASS,20.76,EUR,TRANSFER,False,Entertainment,True,False,True
TXN_202406_000204,2025-05-06,2025-05-06 16:40:41,dubLin#6536540129-teRM*FEE|autH#06may25:PhYSiO CEntEr/REf|55522931@Auth;B1Bb61pDbH,PHYSIO CENTER,822.58,EUR,TRANSFER,False,Healthcare,True,False,False
TXN_202406_000205,2025-05-16,2025-05-16 07:01:43,sTanDING ORDEr DuBliN-auth-poS#59854625133@TopUP-MOrtgaGE;PayMenT-ONLINe-rEF;2kS1CbcIFL79,MORTGAGE PAYMENT,178.34,EUR,CONTACTLESS,False,Bills,False,False,False
TXN_202406_000206,2025-05-27,2025-05-27 23:07:53,27May25@TXn|0307789*teRm:EAst@tRAvEL@pLC/SeQ carD PAYmENT#Irl/london|WeB-ORdeR-CreDIt,EAST TRAVEL PLC,368.15,EUR,CONTACTLESS,False,Shopping,False,False,True
TXN_202406_000207,2025-05-07,2025-05-07 01:28:33,pAymEnt#ecOM;In-sTORe*NEW*dInER*Inc|dElIVEry*mERCHanT-ref.687398736516:tERm;7966414,NEW DINER INC,35.49,EUR,CARD,False,Food,False,False,True
TXN_202406_000208,2025-05-22,2025-05-22 23:03:05,heaLThchECK-us@EXchanGE-sETtLemENT*Ref:99884190221:Seq,HEALTH CHECK,40.62,EUR,CONTACTLESS,False,Healthcare,False,False,True
TXN_202406_000209,2025-05-28,2025-05-28 05:59:11,9411737.sEttLEd-Visa|M7@tOll-REf_SUBSCRipTion#679614461301/teRM_28MAY25@wEb_StaNDIng OrDER,M7 TOLL,51.2,EUR,ONLINE,False,Transport,False,False,False
TXN_202406_000210,2025-05-23,2025-05-23 17:49:16,23mAY25_asOS POs/moBilE_8460203 ReCURRING@719068724.caRd Pur_REf@tERM.galWaY#23mAy25,ASOS,217.49,EUR,CARD,False,Shopping,False,False,True
TXN_202406_000211,2025-05-11,2025-05-11 22:49:18,diReCT DEbit:coURsE;PayMent;Bill#parIs@reF*819058354971@AutH@G1HZvNA/seQ*BATch seQ:seq#BatcH,COURSE PAYMENT,477.41,EUR,ONLINE,False,Other,False,False,False
TXN_202406_000212,2025-05-19,2025-05-19 13:23:32,BatCH-auth/COMpleTE@aUTHCODe.d7wGXXasH TRIP@CaR INsUrancE,CAR INSURANCE,182.51,EUR,ONLINE,False,Bills,False,False,False
TXN_202406_000213,2025-05-01,2025-05-01 13:20:01,fEe|Tap;CONtAcTlesS-pARiS;tErm/reF.0568436_766926481#sO_so MOrtgage payMeNt_0568436,MORTGAGE PAYMENT,45.15,EUR,CONTACTLESS,False,Bills,False,False,False
TXN_202406_000214,2025-05-09,2025-05-09 14:09:44,PoS.cHip-iN-stoRe|XraYcLINic BOOKing:Uk;pEnDINg 20250509_REF;606310380.auTh;bnztaHy8O@TeRM;9530458,XRAY CLINIC,86.18,EUR,TRANSFER,False,Healthcare,False,False,False
TXN_202406_000215,2025-05-15,2025-05-15 09:02:50,POS*RenT Payment@AUthcODE*ExChAngE@puRchAsE.ref_784503275-aUTh@Vbc82SG0|sEtTLeD@DUBliN,RENT PAYMENT,41.59,EUR,CONTACTLESS,False,Bills,False,False,False
TXN_202406_000216,2025-05-06,2025-05-06 13:28:55,Dd|CRedit-HEAlTH Check|BIlL|pARIs_rEcUrrInG/FEe.autH.ReF#32618857#aUth.p2Me59O#batcH,HEALTH CHECK,281.9,EUR,TRANSFER,False,Healthcare,False,True,False
TXN_202406_000217,2025-05-08,2025-05-08 02:42:14,POS#In-stOre_burgEr KiNG@bookInG|uK-RecuRrinG;ExchAnGe#purChAse-rEf.9458407462:aUTH|W319WnI6G8e,BURGER KING,49.33,EUR,CARD,False,Food,False,False,False
TXN_202406_000218,2025-05-16,2025-05-16 02:55:48,pOS.viSA*payMenT|adjustMeNT;sUbSCRIpTiOn:gALwaY OnlInE_rEf 93464962@TeRm 633836,PAYMENT ADJUSTMENT,179.85,EUR,ONLINE,False,Other,False,False,True
TXN_202406_000219,2025-05-27,2025-05-27 15:38:58,cARD:DebiT*IN-sTORe;LUAs-dElIvery|AUtH*cArD PAYMEnt.ReF_1101062/AUTh-Bk4uFsv,LUAS,96.56,EUR,ONLINE,False,Transport,False,False,False
TXN_202406_000220,2025-05-01,2025-05-01 06:48:54,COntACtLess#gp cOnSuLT*paYmEnt#iE:fEe#REF@580651|aUTH-HB1MtrKZ,GP CONSULT,387.99,EUR,TRANSFER,False,Healthcare,False,False,False
TXN_202406_000221,2025-05-01,2025-05-01 16:06:07,6377372991;IE|reF#AUtH:CoRk:TErm/niKE*818663@n17789R,NIKE,130.27,EUR,CONTACTLESS,False,Shopping,False,True,True
TXN_202406_000222,2025-05-26,2025-05-26 15:59:36,pAYMENT*cHip|theATRe-HoUsE-cOmmisSIon_apprOVEd#REF#919799;AuTH@teRmInal,THEATRE HOUSE,47.38,EUR,ONLINE,False,Entertainment,False,False,True
TXN_202406_000223,2025-05-31,2025-05-31 14:02:43,auTH#EcomMerCE/onLIne*thE hoMe store/nl*COmpLetE#SUbScripTION@cARD_9Y8U40QcU|mObILe_CREdiT,THE HOME STORE,299.29,EUR,TRANSFER,False,Shopping,False,False,False
TXN_202406_000224,2025-05-22,2025-05-22 08:22:10,pos In-sToRE@REntpayMENt-DeliVERy;ecoMmeRCe;COnTacTLesS;SUBscRiptiON_ref:078839#auTH*GrI9etm-teRM/21782617@APprovEd,RENT PAYMENT,333.83,EUR,CARD,False,Bills,False,False,False
TXN_202406_000225,2025-05-29,2025-05-29 23:00:14,ECoM/SETtLeMeNT_46300401#TErM/79933-fX;zarA.bilL:dE|ref#FeE,ZARA,158.66,EUR,CONTACTLESS,False,Shopping,False,False,False
TXN_202406_000226,2025-05-23,2025-05-23 10:08:32,piN_AuTh:fEE.gE3yN3sC@20250523 APP 8336622722@auTh.tRansacTion aPproved#PayPAl;Ref*ref#subsCripTiOn-dIReCt dEBiT,PAYPAL,527.69,EUR,CARD,False,Other,False,False,False
TXN_202406_000227,2025-05-30,2025-05-30 15:31:23,so:wENDys|teRm*6114800-seq,WENDYS,24.66,EUR,CARD,False,Food,False,False,True
TXN_202406_000228,2025-05-13,2025-05-13 17:03:18,REf#AY4L6SOE8@ArgOs;928524328/TrAnsAcTiOn#traCe-AUth;EComMERcE@SO_TerM.4566936 COmmiSsION,ARGOS,85.82,EUR,CONTACTLESS,False,Shopping,False,False,True
TXN_202406_000229,2025-05-20,2025-05-20 19:14:18,KfC/DE:rEF.099426818485|aUTh_5BF7ptihWuY.SeQ|SeQ,KFC,11.09,EUR,CARD,False,Food,False,False,False
TXN_202406_000230,2025-05-13,2025-05-13 22:02:34,GigtiCKeTS hwE2c7mv.intl#dd|sEttlEd_AUTh*sUBscRIPTiON|CHip#BATCh|TRANsaCTiOn,GIG TICKETS,77.68,EUR,CARD,False,Entertainment,False,False,True
TXN_202406_000231,2025-05-18,2025-05-18 04:07:55,sEtTled.9417949023-FiNtECH@tOPUp/LiMErICk#StaNDING oRDER-AUTH LIMeRICk:FIntEch@TOpUp;reF|ReF|hxJ9S0u,FINTECH TOPUP,431.47,EUR,TRANSFER,False,Other,False,False,False
TXN_202406_000232,2025-05-06,2025-05-06 06:29:11,ttxT1b1MVh/term-9489589;0962878094#rEF:SuBsCripTION#PURcHASe#RecURRinG kFC@aUTh_20250506,KFC,145.62,EUR,TRANSFER,False,Food,True,False,False
TXN_202406_000233,2025-05-09,2025-05-09 22:50:57,KioSK.insURAncE PRemium:Ie/20250509@rEf*818339284-term.98002,INSURANCE PREMIUM,263.49,EUR,TRANSFER,False,Bills,False,False,False
TXN_202406_000234,2025-05-18,2025-05-18 21:41:19,ChiP.Train@tICkeT*LoNdoN:tRAnsacTIOn;pEndING;pURchaSe@20250518@rEf|577827045752.auTh*5tX69Va9_rEF/dubLin,TRAIN TICKET,34.1,EUR,CONTACTLESS,False,Transport,False,False,False
TXN_202406_000235,2025-05-04,2025-05-04 18:27:46,Tap CashwIthdRAwaL_GalwAY.iNTL|TRaNSactIoN*merchANt;rEF.493367285007;AUth/Q1k1qRr:TerM*38124,CASH WITHDRAWAL,263.35,EUR,TRANSFER,False,Other,False,False,False
TXN_202406_000236,2025-05-23,2025-05-23 18:29:37,tRaNSfER/fIVe.guyS-COnTACtLeSs*card PaymenT@23May25/rEf:7677944096,FIVE GUYS,34.47,EUR,CARD,False,Food,False,False,True
TXN_202406_000237,2025-05-25,2025-05-25 00:54:35,tAp.KiosK/ECoMMERCE/224529;gPCONSUlT#ExCHANGe#49799429|tErM|reF,GP CONSULT,126.57,EUR,TRANSFER,False,Healthcare,False,False,False
TXN_202406_000238,2025-05-18,2025-05-18 03:00:25,AUTH_cvF6fOvK2.0904773.1928026:20250518 cOrk.reF|20250518_TErm;cHIP Ref-IE#PAYMEnt*sOUTh TRaVel iNC|Dd,SOUTH TRAVEL INC,89.06,EUR,ONLINE,False,Transport,False,False,True
TXN_202406_000239,2025-05-27,2025-05-27 23:17:28,cARD ChIP_CitY electRics Plc*ORder rEF 796785765264|aUtH/krSzJknz2 tErm.893284,CITY ELECTRICS PLC,278.14,EUR,CONTACTLESS,False,Shopping,False,False,True
TXN_202406_000240,2025-05-28,2025-05-28 03:13:23,CARD_tap.VISION caRe-ORdeR.SUbsCRIPTiON;RecUrrIng|ref|9696353657.AUth|14wcNjx|teRm*8104513#ORdEr,VISION CARE,420.72,EUR,CONTACTLESS,False,Healthcare,False,False,False
TXN_202406_000241,2025-05-09,2025-05-09 03:03:50,CARD@kioSK@PaYPaL/ORdeR@LImErIck-20250509-rEF@00701436882@SETTlEd:sEttleD,PAYPAL,240.57,EUR,ONLINE,False,Other,False,False,False
TXN_202406_000242,2025-05-24,2025-05-24 15:35:10,TRaNsFer-tV:lIcEnse lONDON/irL*Fx eXchANGe;SeTTLemENT rEF_84198804/teRm|96749554,TV LICENSE,70.41,EUR,CONTACTLESS,True,Bills,False,False,True
TXN_202406_000243,2025-05-12,2025-05-12 02:01:44,MaStERcard;CASh-WithDRAwal:PaymENT/rEf*5315157@aUTh:6X8w1qx.AuTh-autH,CASH WITHDRAWAL,572.03,EUR,ONLINE,False,Other,False,False,False
TXN_202406_000244,2025-05-04,2025-05-04 21:14:55,eCom#mASteRcarD*in-StOre;NCP PArKING/tRIp*US:aUtHcoDe;APPROVED ONLiNE.04MAY25_rEF.8652934678#term|43528#TrIP,NCP PARKING,29.45,EUR,ONLINE,False,Transport,False,False,False
TXN_202406_000245,2025-05-19,2025-05-19 07:39:29,dUbLIn.rEF*tHe|Home|Store_duBlIn AUth taP-dd@7098675 terM-62618856919,THE HOME STORE,84.56,EUR,CONTACTLESS,True,Shopping,False,False,False
TXN_202406_000246,2025-05-04,2025-05-04 16:29:29,ChiP_PendiNg_Kfc|REF|KfC/295146*295146.TrAnsaCTIon*DIrEcT deBiT,KFC,16.43,EUR,ONLINE,False,Food,False,False,False
TXN_202406_000247,2025-05-22,2025-05-22 04:20:49,stAnDiNG oRder*Ecom.KiOSK@eTsY/PARIs#dE#AutH.gGhtv3,ETSY,417.1,EUR,ONLINE,False,Shopping,False,False,False
TXN_202406_000248,2025-05-21,2025-05-21 12:01:37,coNtacTless_CHIp@web|neW maRkEt SERvicES/PAYmENT Paris:21maY25#reF/30108797265_teRM:945194,NEW MARKET SERVICES,20.46,EUR,ONLINE,False,Other,False,False,True
TXN_202406_000249,2025-05-09,2025-05-09 06:57:40,POs;TerM:69820.irL*DUblin.IE:LIMerICK:FARMeRs:MarKEt|Dd.mERcHAnt,FARMERS MARKET,32.51,EUR,ONLINE,False,Food,False,False,True
TXN_202406_000250,2025-05-14,2025-05-14 19:18:43,897320566657_REf/mObiLe*sHELL fUEl|De_pos_settLemENT|TAp_bERLiN,SHELL FUEL,23.41,EUR,CARD,False,Transport,False,False,False
TXN_202406_000251,2025-05-26,2025-05-26 18:07:23,AuTH-5375669.dD-aUtH-COMPLEte|ONLiNE;Shop_De ReF_23arBbR7DKi,ONLINE SHOP,155.94,EUR,TRANSFER,True,Shopping,False,False,True
TXN_202406_000252,2025-05-23,2025-05-23 12:24:00,AUTh@23mAy25 4655@sUBsCRIpTiON*HARVeY NormAn;SUBScrIptioN#73653890326-reF@euRFm0Facz_ChiP:EXchaNgE;teRM,HARVEY NORMAN,276.29,EUR,CARD,False,Shopping,False,False,True
TXN_202406_000253,2025-05-20,2025-05-20 10:54:46,APProvED ref:6226011:LYdJixL_aUtH/CREDIT*TRaNsFER.gAS nETWORKS;20mAY25,GAS NETWORKS,294.47,EUR,CONTACTLESS,False,Bills,False,False,False
TXN_202406_000254,2025-05-20,2025-05-20 20:56:21,36650781222;vIsA|auTH/BRoadBAND BIll;LoNdON/f23PDfY9ZwqF:cOmMiSSIon*eCOM/ref-CArD PAymeNt*APP@AUTH,BROADBAND BILL,286.2,EUR,CARD,False,Bills,False,False,False
TXN_202406_000255,2025-05-03,2025-05-03 07:50:31,contaCtlESs;DeliVERy@irL trAce#term_POs@auth;9667460941#03may25:5879035|sushibAr_KiOSk.9NLuPYa8w;rEF,SUSHI BAR,34.67,EUR,ONLINE,False,Food,False,False,True
TXN_202406_000256,2025-05-06,2025-05-06 02:10:31,pin-GLOBAL stoRE eu@Cork#AutH;reCURrINg*ExcHaNgE.AutH-TXN,GLOBAL STORE EU,571.52,EUR,CARD,False,Shopping,True,False,True
TXN_202406_000257,2025-05-29,2025-05-29 23:13:10,DirEcT DEBIt|Aldi-trIP-PArIS*de-reF_105069|auTh@4kymhvkcXal@tErM;23544075@dUBlIN-bATCH|DUBLIn|pArIS*dIreCt DEbiT,ALDI,341.42,EUR,TRANSFER,False,Shopping,False,False,True
TXN_202406_000258,2025-05-21,2025-05-21 22:11:34,REF.20250521.AUTH-terM@rEF.CoNtACtLesS;pUrcHaSe@i0OYEIc0OQ*PendIng-43922.7733526;sErviCe.ChARGe,SERVICE CHARGE,198.91,EUR,TRANSFER,False,Bills,False,False,False
TXN_202406_000259,2025-05-22,2025-05-22 12:10:19,carD_AMZn MKtplace|tOPUP-ONLINe_Ref-63007430110/TeRm#0971919,AMZN MKTPLACE,493.95,EUR,TRANSFER,True,Shopping,False,False,False
TXN_202406_000260,2025-05-14,2025-05-14 00:30:19,web_rEF#Txn.406234904|dIsNeY/pLus,DISNEY PLUS,6.11,EUR,CARD,False,Entertainment,False,False,False
TXN_202406_000261,2025-05-05,2025-05-05 10:04:10,CaRD/uNIVErSiTy FEes.seTTlEmeNt/COmmiSsIOn*05May25-Ref_465961863|AuTh/CJDuCe#TErM.74385096,UNIVERSITY FEES,750.63,EUR,TRANSFER,False,Other,False,False,False
TXN_202406_000262,2025-05-24,2025-05-24 04:12:44,aUth#20250524:REf.aPp:Fr/994297:INtL_madRiD|booTS_rEtAil:pIN;q56qbUb,BOOTS RETAIL,473.37,EUR,CARD,False,Shopping,False,False,True
TXN_202406_000263,2025-05-29,2025-05-29 22:02:53,POs.uNIQlO*dELIverY:SuBScrIpTioN|20250529/rEF;98877483030-TErm 03463448;duBLiN_TRACE,UNIQLO,138.58,EUR,CONTACTLESS,False,Shopping,False,False,True
TXN_202406_000264,2025-05-12,2025-05-12 12:39:46,nL#98XuhxxcdXF.FeE-aUTH|tK_MaXx*415702908867:BIll#ReF cONtACtLeSS/aPpROveD:exchange#20250512,TK MAXX,305.95,EUR,CARD,False,Shopping,False,False,False
TXN_202406_000265,2025-05-28,2025-05-28 12:04:46,PAyMeNtAdJuSTMenT|DELIvEry/SETTlEMeNT*tERM|73017060/seQ*aPPrOVeD,PAYMENT ADJUSTMENT,429.31,EUR,CARD,False,Other,False,False,False
TXN_202406_000266,2025-05-19,2025-05-19 05:27:53,POS*mcDonaLDs.bOOKInG_irL_AUTh;Ref,MCDONALDS,20.68,EUR,CARD,False,Food,False,False,True
TXN_202406_000267,2025-05-10,2025-05-10 05:42:36,u3QhQKZ.AUtH:Chip#01265266|TErm*sUBSCRipTioN.TrAnSfER.IcE;cReaM;shoP/irl,ICE CREAM SHOP,12.93,EUR,CONTACTLESS,False,Food,False,True,True
TXN_202406_000268,2025-05-17,2025-05-17 11:06:48,card|CRedit#iCecREamshOp.tRiP_AUtH-rEf@307390927/AUth-y41Uiw5#teRm 433834/REF:Card/433834-TriP,ICE CREAM SHOP,8.95,EUR,CONTACTLESS,False,Food,False,False,False
TXN_202406_000269,2025-05-14,2025-05-14 17:20:24,STAnDinG oRder#BIll uk_097465876200/bERLIN|cHip*tERM_fInteCh TOPup_86207.ref,FINTECH TOPUP,169.05,EUR,CONTACTLESS,False,Other,False,False,False
TXN_202406_000270,2025-05-18,2025-05-18 10:14:59,MaSTerCArD:SUbwaY uk;oNLIne_auTh*XBV9Mdpoa8FV tErm;8742,SUBWAY,47.13,EUR,ONLINE,False,Food,False,False,False
TXN_202406_000271,2025-05-16,2025-05-16 05:06:03,PAymENT.TERmINaL;cIRcLE/k*DElIveRy LimERicK#reF:423028@autH.FUtgsH:tXn,CIRCLE K,32.24,EUR,CARD,False,Transport,False,False,True
TXN_202406_000272,2025-05-10,2025-05-10 11:52:50,tRansFer:pOS#in-sTorE/ChIppeR.TrIp*SUBScrIpTiOn-REF@6808988574:AutH#yp7VNS@TeRm:2712845,CHIPPER,21.84,EUR,CONTACTLESS,False,Food,False,False,False
TXN_202406_000273,2025-05-29,2025-05-29 10:17:28,ApP:reNt pAYmEnT.CoNtACtlESS eXChAngE 20250529*Ref|7291370|AuTH*oORmR9:TErm#85761-DuBLIN/rEf,RENT PAYMENT,182.97,EUR,TRANSFER,False,Bills,False,False,False
TXN_202406_000274,2025-05-13,2025-05-13 09:22:21,GaS_nEtWoRks.mADrID*aPPROVed/rEf_58954195582:aUtH#ngXCd2,GAS NETWORKS,148.98,EUR,TRANSFER,True,Bills,False,False,False
TXN_202406_000275,2025-05-27,2025-05-27 23:56:07,dD-Ecom*MORtgagE payMeNT-tRIP;DublIN#iRL:feE#auTH@S3P2vw829dZ_seq#fEE_Auth,MORTGAGE PAYMENT,185.21,EUR,CARD,False,Bills,False,False,False
TXN_202406_000276,2025-05-12,2025-05-12 15:16:20,CredIt_bAnK FEE AUtHCodE;SETtLEmeNt/card PaYmENt-20250512 reF|1394146142_IE|TxN@TxN-20250512 20250512,BANK FEE,1198.43,EUR,CONTACTLESS,False,Other,True,False,False
TXN_202406_000277,2025-05-26,2025-05-26 00:48:47,ReF US#terM.PIzZa huT-traNsACtiON_pOs;O755Lz2L2e9.74949657575/Ref|IRl_ApPrOVED;feE|26may25-autH@34269064,PIZZA HUT,29.07,EUR,ONLINE,False,Food,False,False,False
TXN_202406_000278,2025-05-03,2025-05-03 14:07:48,terM;Njz2hO7dUG8|subscrIPTIon 6257506.Auth BERliN_ApPROVEd#SUBscriPtIoN/04525882779#BErLIn_reF*dEBit|DuBliN|cHarITy DOnATion;04525882779,CHARITY DONATION,614.67,EUR,CONTACTLESS,False,Other,False,False,False
TXN_202406_000279,2025-05-01,2025-05-01 03:00:35,So-eSsO|REf;2847429/Ref.txN@PiN.INtL|irl;CoMPLete,ESSO,107.03,EUR,TRANSFER,False,Transport,False,False,False
TXN_202406_000280,2025-05-20,2025-05-20 12:04:58,trANsFer|Debit_viSION care_ordEr*ReF:8591156005.auth@0PNtkLuu tERM_21681@APproVED,VISION CARE,149.5,EUR,TRANSFER,False,Healthcare,False,False,False
TXN_202406_000281,2025-05-27,2025-05-27 23:50:28,AutH-ECOm/09m24Oog2/the HoMe SToRE*txN-cOntaCtLESS#onlInE.pARis,THE HOME STORE,320.57,EUR,CARD,False,Shopping,False,False,False
TXN_202406_000282,2025-05-02,2025-05-02 16:01:09,20250502#sETtLeD@cork/ELectRIciReland/TERM;rEF:46008339/es-MObiLE_0856936,ELECTRIC IRELAND,15.58,EUR,CARD,False,Bills,False,False,False
TXN_202406_000283,2025-05-05,2025-05-05 11:14:26,770481/rEf@Authcode@nORTH OUTLEt iReLaND@TErMINAL#ReCURrinG-ie,NORTH OUTLET IRELAND,48.87,EUR,ONLINE,False,Transport,False,False,False
TXN_202406_000284,2025-05-28,2025-05-28 20:23:49,BaTch/UK:iNtEresT;CHarGE|pOS*viSA.recURRInG/28May25:rEF-BooKInG*474469785*wEB sEq,INTEREST CHARGE,272.08,EUR,ONLINE,False,Other,False,False,False
TXN_202406_000285,2025-05-28,2025-05-28 15:35:40,mcDoNalds:NL|AUTH:dO7YfkPI9b;DubLiN*paYMeNT|0566195439.Do7YfKPI9b|payMENT;ref:aPPRoVED TRACe*apP 28maY25/aPP,MCDONALDS,56.15,EUR,CONTACTLESS,False,Food,False,False,False
TXN_202406_000286,2025-05-04,2025-05-04 12:06:18,TXN|BErlIN.072116|04MAY25#south caFe gROuP@term/TRiP-cRedIt kIOsK,SOUTH CAFE GROUP,14.88,EUR,TRANSFER,False,Transport,False,True,True
TXN_202406_000287,2025-05-24,2025-05-24 00:12:16,Fee-cArD@400076738777-ReF*pin.Pos*NeW#sTORe#irElAND,NEW STORE IRELAND,34.06,EUR,CARD,False,Entertainment,False,False,True
TXN_202406_000288,2025-05-23,2025-05-23 06:30:59,TAP:bRUnCH hOuSe#BOoKiNG:ie@FeE:COmpletE|terminaL*REf-427366627404 teRm/808773@tRaCE;BruNch HoUSE,BRUNCH HOUSE,15.37,EUR,CONTACTLESS,False,Food,False,False,False
TXN_202406_000289,2025-05-21,2025-05-21 16:29:04,ecOm|Thai kITcheN#DeLiVerY/madrID-nL|cOmpletE;AuthcOdE;COMmISsiON*rEf#112166 auth#bBln1B5#term*25727128 IRL,THAI KITCHEN,19.03,EUR,CONTACTLESS,False,Food,False,False,False
TXN_202406_000290,2025-05-21,2025-05-21 21:44:25,RecURriNg-auth#3o3QYeP#teRM_6248588295|2373798.saMsUNG*STorE|LIMerIcK BoOKInG|AuTh|REF#pURCHASE us,SAMSUNG STORE,120.3,EUR,TRANSFER,False,Shopping,False,False,False
TXN_202406_000291,2025-05-17,2025-05-17 03:10:42,JUICE BAR/lOndon@iN-Store*toPup|visa|cOntActleSs,JUICE BAR,49.33,EUR,CARD,False,Food,False,False,True
TXN_202406_000292,2025-05-11,2025-05-11 17:16:57,TErM-Nl@846406568;SUbscRiptIon/EcomMeRce*ecOm|TraNSIt TopUp_chIP*AUtH;JMxWepu44Tm1|rEF.16847776:paRiS,TRANSIT TOPUP,70.65,EUR,TRANSFER,False,Transport,False,False,False
TXN_202406_000293,2025-05-22,2025-05-22 15:51:11,APProVEd/meRChANt|Topup#dIRECt DEbit|17600666961|17600666961|cArdvErifiCaTIon-20250522/InTl|In-STOrE-dUbLiN rEF,CARD VERIFICATION,276.07,EUR,ONLINE,False,Other,False,False,False
TXN_202406_000294,2025-05-20,2025-05-20 12:14:51,dd|CHiP;sTaRbucKS#bIll;tERM#09398_09398,STARBUCKS,7.04,EUR,CARD,False,Food,False,False,True
TXN_202406_000295,2025-05-09,2025-05-09 15:05:04,aPprOVed:EcOm l64LfqAjGOjc:rEF/Ie#batCh*AuTh_FArmERS mARkEt;7729796,FARMERS MARKET,51.57,EUR,ONLINE,False,Food,False,False,False
TXN_202406_000296,2025-05-30,2025-05-30 07:38:47,IE.auTh|aUth;dW7RbPED0/shakEsHacK*EcomMErce;20250530.poS/SUBsCriptIoN,SHAKE SHACK,25.01,EUR,ONLINE,False,Food,False,False,False
TXN_202406_000297,2025-05-25,2025-05-25 11:15:55,chIp:LOCAL|caFe;3TH561:aUTh,LOCAL CAFE,13.31,EUR,CONTACTLESS,False,Food,False,True,True
TXN_202406_000298,2025-05-11,2025-05-11 23:35:52,Card#aPP-pHYsiO CEnTEr*MaDrId#us@Ref*13355743*AUTH-NFtc46-teRM*140456,PHYSIO CENTER,215.69,EUR,CONTACTLESS,False,Healthcare,False,False,False
TXN_202406_000299,2025-05-23,2025-05-23 19:50:17,Visa_TrANSfeR In.Uk/APprovED|coNtACtLEss#23mAy25.ReF#71501076420 AUTH#477PkBrFbfl0#VIsA/23mAY25#aPPrOVed,TRANSFER IN,441.99,EUR,ONLINE,False,Other,False,False,False
TXN_202406_000300,2025-05-08,2025-05-08 20:01:33,eCOM#CHiP:PROPErty mgMT/sUbscRIpTIoN.uS|COntAcTlEsS@AuTh*08may25;auTH,PROPERTY MGMT,12.93,EUR,CONTACTLESS,False,Bills,False,False,False
TXN_202406_000301,2025-05-17,2025-05-17 23:26:11,607060900/sEq boOkinG;cOMMISSIOn*TeRmInal reF|aPPROVeD#mX5l77ibR-auTh#stANdInG oRdEr|cInEma:World;auTh|iRl/duBlin,CINEMA WORLD,78.69,EUR,TRANSFER,False,Entertainment,False,False,True
TXN_202406_000302,2025-05-04,2025-05-04 18:50:00,eLecTRic:BIll.PaymENt CARD pAYMeNT@20250504:tOPUp;9ihJC5y:rEf/iE#GALway#sUbscRIpTiON:AUTh#35538522983-tRANsacTION,ELECTRIC BILL,315.28,EUR,CARD,True,Bills,False,True,False
TXN_202406_000303,2025-05-01,2025-05-01 01:10:31,2745818928_dEbiT*pIZzA hUT-paRiS G6YrGC5:TRANSFEr*AUTh/tERM.724803*reF,PIZZA HUT,40.62,EUR,TRANSFER,True,Food,False,False,False
TXN_202406_000304,2025-05-01,2025-05-01 13:33:20,JUICeBAr*AuTh@4Q42l15Fv8ZC:DUBlin,JUICE BAR,45.76,EUR,CONTACTLESS,True,Food,False,False,False
TXN_202406_000305,2025-05-01,2025-05-01 16:42:48,aUth-reF-mERchAnt@28531988*teRm-lidl;12836878;BoOkInG;PuRCHAsE 40D4N1scA;StAndinG ORDEr/TRaNsactIOn,LIDL,158.93,EUR,ONLINE,False,Shopping,False,False,True
TXN_202406_000306,2025-05-27,2025-05-27 11:55:32,3364167726/KIOSK/auTH#GiwEl4rv2Yn9_terM/zAra|rEf.73391940,ZARA,497.73,EUR,CARD,True,Shopping,False,False,False
TXN_202406_000307,2025-05-03,2025-05-03 11:12:54,shake sHack|cOnTACTlEss*subscRipTiOn/20250503/appROVed/TxN.apPROVED.txN_COntACTless,SHAKE SHACK,45.47,EUR,ONLINE,False,Food,False,False,False
TXN_202406_000308,2025-05-29,2025-05-29 16:48:48,Ecom-kiOSk*TRAnSFER;OUT TopUP#uk#ReF*779825970565 teRm_605493,TRANSFER OUT,610.26,EUR,CARD,False,Other,False,True,True
TXN_202406_000309,2025-05-15,2025-05-15 01:11:01,REf;TrIP;TrIP:655482*20250515#sETTLEd ChARGING sTAtiON;sEttleD,CHARGING STATION,106.76,EUR,ONLINE,True,Transport,False,False,False
TXN_202406_000310,2025-05-04,2025-05-04 16:06:48,sO_tHai|kiTcHEn-Cork|Ref@430486669 teRM.76357,THAI KITCHEN,3.72,EUR,CARD,False,Food,False,False,False
TXN_202406_000311,2025-05-03,2025-05-03 01:50:39,DeBIt/SOUtHCaFEserVices*trip.GAlwaY_irl-AutH.REcurrIng-comMIsSioN.03May25*reF/3942039407|auTH|TqWh40w-tRACE,SOUTH CAFE SERVICES,27.9,EUR,ONLINE,False,Entertainment,False,False,True
TXN_202406_000312,2025-05-25,2025-05-25 22:59:40,REf-auTHCoDe_FR|web.TErmiNAl*DEBit/362974856-So|reF.25mAy25#tRaNSIttoPUP/TerM/865406,TRANSIT TOPUP,46.29,EUR,TRANSFER,False,Transport,False,False,False
TXN_202406_000313,2025-05-19,2025-05-19 23:12:33,CHip#tErMINAl;EiR;order#madrid@19mAy25*reF_1032535290 aUtH:OXiL6r#tXN,EIR,306.07,EUR,ONLINE,False,Bills,True,False,False
TXN_202406_000314,2025-05-28,2025-05-28 05:02:35,STANding OrdEr/TRANSfER In:Booking*REf:66745547265#auTH-8O7ii03|teRm;9533|txN SeTTLED,TRANSFER IN,103.4,EUR,ONLINE,False,Other,False,False,False
TXN_202406_000315,2025-05-01,2025-05-01 21:58:42,MobIlE|DeCaTHlON*ViSa:103062;DIReCT DEBIT_tErm,DECATHLON,378.47,EUR,CARD,False,Shopping,False,False,True
TXN_202406_000316,2025-05-28,2025-05-28 05:10:41,aPP_PeNNeYS|iE_ReF;785123244:AutH/PCyD2kI tERmInAl.traCE,PENNEYS,425.89,EUR,ONLINE,False,Shopping,True,False,False
TXN_202406_000317,2025-05-15,2025-05-15 08:11:29,MERchAnt#AuTH*CiTy ELECtRICS SeRViCES|DIrECT DEbit;reF/AZMduyH2W*TrAcE@aPP|De_9035566063*tErMiNAL,CITY ELECTRICS SERVICES,34.54,EUR,TRANSFER,True,Transport,False,False,True
TXN_202406_000318,2025-05-31,2025-05-31 12:05:26,txN@rEF-coNtactLEss/oNLine shOp*20250531:tErM 27160757.vISA gJYCV3sg96e/Auth.ecoM_89382|iRl,ONLINE SHOP,335.9,EUR,CARD,False,Shopping,False,False,False
TXN_202406_000319,2025-05-19,2025-05-19 09:13:04,staNDINg OrDEr@IN-sTore-WEST#elECtRICs#InC-bIlL|BErliN;onLiNE;iNTL:eXcHaNGe*reF@04281376021 AuTH;3smqL2tBEr iNtl#intL,WEST ELECTRICS INC,116.6,EUR,TRANSFER,False,Transport,False,False,True
TXN_202406_000320,2025-05-09,2025-05-09 14:40:55,pOS|TV liCEnsE_AUtH;1Zvw07TT4L term@5281 term-Tv LiCENsE|POS,TV LICENSE,193.38,EUR,TRANSFER,False,Bills,False,False,False
TXN_202406_000321,2025-05-01,2025-05-01 18:33:57,visa*3H3nN6B09;fr;poS#rEF;west/diNer/eu*3621149586*Auth|Cork@DIrECT deBiT@ToPup,WEST DINER EU,450.65,EUR,CONTACTLESS,True,Shopping,False,False,False
TXN_202406_000322,2025-05-21,2025-05-21 05:37:54,aPP@terMINal#20250521.TERM:tERmINal-cnqiyFT#so;AUTh|0636382:INSurAncEpremIum@debIt MeRCHANT_729478146537-ref,INSURANCE PREMIUM,238.49,EUR,ONLINE,False,Bills,False,True,False
TXN_202406_000323,2025-05-01,2025-05-01 10:59:12,REf*mObiLe#lUas:53613086990@order:YE0wF3V47xoL@aUTh-BATcH,LUAS,66.67,EUR,CONTACTLESS,False,Transport,False,False,False
TXN_202406_000324,2025-05-09,2025-05-09 01:53:02,TrIp/aUTh;REF_dArT;276331913863,DART,51.95,EUR,ONLINE,False,Transport,False,False,False
TXN_202406_000325,2025-05-31,2025-05-31 01:43:34,DEbit;App-ODEON cINeMA;pAYMEnT.gAlWAy;NL-reF;897798393315,ODEON CINEMA,13.17,EUR,CARD,False,Entertainment,False,False,False
TXN_202406_000326,2025-05-15,2025-05-15 14:46:05,IN-sTOre*ToPup@TeRm#TaP.cKCWWfCY40x#tHE@STorE@EU;sEq@EXCHanGe*rEF/2506096839;109038*auTH;SUBscriPtION.intl,THE STORE EU,160.11,EUR,CONTACTLESS,False,Bills,False,True,True
TXN_202406_000327,2025-05-03,2025-05-03 03:14:39,dd.dEbit_IN-STOre urBan.eLEctriCS.pLc*LOndON_inTL:ONLINe REF:033728|auTH_aw0ewAYaj5|tErm:4336-tXN;TrAcE,URBAN ELECTRICS PLC,39.44,EUR,CONTACTLESS,False,Entertainment,False,True,True
TXN_202406_000328,2025-05-07,2025-05-07 03:46:21,dd*apPLe sToRE*londoN#Irl:PenDINg@07mAy25|REf*8170591139@AuTh-Y15k945Y9_TerM_39192@sEQ;DuBlIN,APPLE STORE,363.4,EUR,CONTACTLESS,False,Shopping,False,False,True
TXN_202406_000329,2025-05-14,2025-05-14 14:26:57,cHiP/9622869@Fee*NetFLIX FEe@dIRecT DebIT-subSCRIpTioN:SuBSCRIPtiON.SETtleD/REf.tERMiNAL@chIp,NETFLIX,63.52,EUR,CARD,False,Entertainment,False,False,False
TXN_202406_000330,2025-05-18,2025-05-18 12:07:06,transaCtiOn@coNTacTLeSs/in-stoRE_eleCtRiC/irElANd_0175937*Fr.SUbscRiPTIon:aUTH;tP20pv/payMEnt:MadRiD/84009:reF/teRM.DeBIt,ELECTRIC IRELAND,49.94,EUR,CONTACTLESS,False,Bills,False,True,False
TXN_202406_000331,2025-05-18,2025-05-18 06:02:26,75940161838.exChaNGe|SVI4dpU8d-TopUP*18mAy25|batCH-zARA:4306601/tErm|AUTh REf_aUtH,ZARA,183.55,EUR,ONLINE,False,Shopping,False,False,False
TXN_202406_000332,2025-05-03,2025-05-03 22:33:37,KiOsk:17615#tErm_trACe#eCoM;685427*irl/ref loNdoN/deLiveRy FOod*truck-Nl,FOOD TRUCK,31.66,EUR,CONTACTLESS,False,Food,False,False,False
TXN_202406_000333,2025-05-30,2025-05-30 07:59:17,ECOm*WALgREEns*TOPUP_dUBLIN_20250530 Ref:5807054#term;7174,WALGREENS,87.27,EUR,ONLINE,False,Healthcare,False,False,True
TXN_202406_000334,2025-05-16,2025-05-16 15:24:21,BeRLin*326223659:MASTerCaRd.seTtlED:excHANge DirecT dEbit#rEf/ApPrOVeD.ASOs,ASOS,116.08,EUR,CARD,False,Shopping,False,False,False
TXN_202406_000335,2025-05-04,2025-05-04 12:10:04,ie rEf@pOS@MISc PAymENT-tERm CARd paYMenT*cOmMISSIOn_tERMINAl-AuthcoDE|57648390135*20250504/468549,MISC PAYMENT,303.09,EUR,CONTACTLESS,False,Other,False,False,True
TXN_202406_000336,2025-05-13,2025-05-13 06:48:08,CREdIt pos*ChiPper/tOpUp@PARIS_Uk-cOntacTLess:OnliNe*SUbScRiptIon 13maY25-Ref/215558;DuBLiN-SEq,CHIPPER,28.29,EUR,CARD,False,Food,False,False,False
TXN_202406_000337,2025-05-12,2025-05-12 07:11:50,Ref#dUbliN#6663058*tERm#EcOM 670953562656-hEaLTH ChEck_so,HEALTH CHECK,337.3,EUR,ONLINE,False,Healthcare,False,False,False
TXN_202406_000338,2025-05-28,2025-05-28 23:37:18,auTh;auTHCODE#1704379:bUrGer KiNg/ReF-AuTHcodE-en29us-20250528*tAP*PAYment tAP-dE,BURGER KING,20.8,EUR,CONTACTLESS,False,Food,False,False,False
TXN_202406_000339,2025-05-04,2025-05-04 20:41:15,Dd/LUAs;Bill_GaLwAY us@aUTHCODE 04mAY25;REF|12446693,LUAS,6.35,EUR,CARD,False,Transport,False,False,False
TXN_202406_000340,2025-05-07,2025-05-07 17:05:51,MiSC@PayMent;DUBLIn@SETtLEmEnT|FeE-auth@rEf|542011695#auTH.kH50k2T9z,MISC PAYMENT,90.25,EUR,TRANSFER,False,Other,False,False,False
TXN_202406_000341,2025-05-15,2025-05-15 19:50:46,NORTH.mArkeT.SERviCes#fX.177012 reF:TERM/ReF.PaRIS:18146339497|trAnSACTIon.in-SToRE/trAcE*carD-rEF,NORTH MARKET SERVICES,38.78,EUR,CARD,False,Food,False,False,False
TXN_202406_000342,2025-05-31,2025-05-31 06:33:14,So STAtIoneRy#maRt.bErlIN*UK/FX-FEE_Ref_2650186038@TErM/0164763#autH/So*BeRLiN,STATIONERY MART,86.38,EUR,ONLINE,True,Shopping,False,False,False
TXN_202406_000343,2025-05-12,2025-05-12 20:36:11,seq#EcOM#JyhrQg/seQ#mAstErCaRd@AUTh_PURchAsE.iNSuRaNce PReMium/PEnDiNG*12may25_sEq,INSURANCE PREMIUM,187.63,EUR,CARD,False,Bills,False,False,False
TXN_202406_000344,2025-05-22,2025-05-22 02:32:05,POS|saMSUNG StoRe-es;coMMISsiON#CoMPLETe-fX/ref*595944011237.teRm;8267/irl_AuTh,SAMSUNG STORE,176.58,EUR,CARD,False,Shopping,True,False,False
TXN_202406_000345,2025-05-11,2025-05-11 17:44:02,ChIp GyM memberShiP@PAris_fR-ONlInE@ref@4680183:auTH;yrYYiQEZr#TERm/981457;seQ,GYM MEMBERSHIP,326.6,EUR,TRANSFER,False,Bills,False,False,True
TXN_202406_000346,2025-05-15,2025-05-15 13:15:32,eCOM.DeBit TRANsfER|out.OrdEr-rEF*396984565665.AutH:cUqFMzjQh3W6_TerM:72933885/IRl;auth,TRANSFER OUT,563.19,EUR,CONTACTLESS,False,Other,False,False,False
TXN_202406_000347,2025-05-02,2025-05-02 06:45:18,So|thE hOme store;LImerIcK.SUBScRIptiOn/Ref*92769707891;TerM/6503-SeQ*ApPrOVed,THE HOME STORE,31.27,EUR,CONTACTLESS,True,Shopping,False,True,False
TXN_202406_000348,2025-05-13,2025-05-13 12:33:39,TRaNsfeR:DaRT-INTL:IntL iNTL/reF_1401768496/aUTh:xQwbmJ6v9ic/batch,DART,30.17,EUR,ONLINE,False,Transport,False,False,False
TXN_202406_000349,2025-05-30,2025-05-30 09:49:32,piN_tRANsFer#iN.TRiP LonDon_sETtlEMeNT;ComPleTe.20250530;teRM.0843660.20250530*20250530,TRANSFER IN,727.89,EUR,TRANSFER,False,Other,False,False,False
TXN_202406_000350,2025-05-02,2025-05-02 10:42:00,piN;UNIVErSiTy fEes_Galway/uk.Intl/autH-ONLinE:20250502@auth;BQPlbNe9eB#TErM;879988,UNIVERSITY FEES,484.53,EUR,TRANSFER,False,Other,False,False,False
TXN_202406_000351,2025-05-06,2025-05-06 06:12:06,06MaY25_uTILITy pAyMEnT ReF.pOS;CONTACTLEss:auth@1022823_caRD PAyMeNt,UTILITY PAYMENT,103.66,EUR,CARD,False,Bills,False,False,True
TXN_202406_000352,2025-05-08,2025-05-08 23:21:02,STaNDinG oRDer|ecOM@TermINaL-ELEctrICIRELaND_Trip#loNdOn#Fx;COmmissIOn.08mAy25;REF:83833633/AUth.0fE51t2K;TErm*8682,ELECTRIC IRELAND,45.66,EUR,ONLINE,True,Bills,False,False,False
TXN_202406_000353,2025-05-01,2025-05-01 19:41:05,MasTeRCaRD#SANDWICh:CO|01MAy25@KiosK@sEq-autH-iRL_TeRM/90319864*trANSFEr,SANDWICH CO,28.92,EUR,CONTACTLESS,False,Food,False,False,False
TXN_202406_000354,2025-05-30,2025-05-30 05:43:22,49248_iE/DeLivERY;aSoS#teRM MERchAnT;teRM FX@Term,ASOS,290.0,EUR,ONLINE,False,Shopping,False,False,False
TXN_202406_000355,2025-05-18,2025-05-18 00:33:51,teRminAl-XBox#dd:INtl*carD payMENT compleTE,XBOX,43.6,EUR,CONTACTLESS,False,Entertainment,False,False,True
TXN_202406_000356,2025-05-12,2025-05-12 14:03:23,rEF DENtaL|CaRe_Fr/CreDIt*aUTh-PAYmENt:EXcHaNge-518rWdj/7778200-ordER,DENTAL CARE,26.37,EUR,CARD,False,Healthcare,False,False,True
TXN_202406_000357,2025-05-04,2025-05-04 18:24:16,galWaY@dELiVERY#BrunCHHousE-cARd|20250504,BRUNCH HOUSE,58.27,EUR,TRANSFER,False,Food,False,True,False
TXN_202406_000358,2025-05-10,2025-05-10 19:27:14,terM/eAST:OUtlET:eu.cOnTaCTlESS/cOMmisSION:20250510*1115561 AUThCoDE_REf_99687934*sUbScripTiON,EAST OUTLET EU,181.0,EUR,CONTACTLESS,False,Healthcare,False,False,True
TXN_202406_000359,2025-05-03,2025-05-03 01:01:41,DD_MaSTercarD*nIke-TRip:carD PAyMeNt:AutH:ZdlcCm4,NIKE,364.97,EUR,CONTACTLESS,False,Shopping,True,False,False
TXN_202406_000360,2025-05-21,2025-05-21 08:09:07,eCoM*Seq*MeRChANT-nEW CLiNic EU,NEW CLINIC EU,9.31,EUR,TRANSFER,False,Food,False,False,True
TXN_202406_000361,2025-05-08,2025-05-08 17:31:56,bolt#262101669457@pArIs/poS*aUTh-reF;FzRDix2B,BOLT,56.27,EUR,CONTACTLESS,False,Transport,False,False,False
TXN_202406_000362,2025-05-03,2025-05-03 20:42:18,Hl0qsN5QC-hL0Qsn5QC*ReF REf_UnIversity feeS-delIVEry|421389|tRANSfEr:Auth/hL0QSN5qc,UNIVERSITY FEES,762.63,EUR,CARD,True,Other,False,False,False
TXN_202406_000363,2025-05-11,2025-05-11 04:45:50,VISA#apP gROCERy deLI:liMERICK-AuthcodE-FEE_20250511 ref*0792231204;tERM-44626321.apProVed TrACe,GROCERY DELI,57.14,EUR,ONLINE,False,Food,False,False,False
TXN_202406_000364,2025-05-31,2025-05-31 16:59:17,coNtactlESS/jUice BAr boOKiNG:COMPleTe ref;591278056,JUICE BAR,31.72,EUR,ONLINE,False,Food,False,False,False
TXN_202406_000365,2025-05-15,2025-05-15 13:31:24,ecom;tErMINaL.electRiC BIll:LImerIcK|TRANsactIon*REf|390116*autH/zGirICKwl/teRM#1588387,ELECTRIC BILL,329.61,EUR,ONLINE,False,Bills,False,False,False
TXN_202406_000366,2025-05-26,2025-05-26 09:27:57,suBscRIpTiON;ICE CreAM Shop/97438378;20250526#DuBliN-tErM#OnLiNE;ref|17429111@uk,ICE CREAM SHOP,34.93,EUR,TRANSFER,False,Food,False,True,False
TXN_202406_000367,2025-05-07,2025-05-07 09:11:38,DELIVERy|ecomMErcE*reF Term/mastercARD@sUbsCrIPTiON@uJp8uuhNYKY/aUth*sANDwicH co|117225.AUtH,SANDWICH CO,37.97,EUR,TRANSFER,False,Food,False,False,False
TXN_202406_000368,2025-05-30,2025-05-30 13:33:57,mcdonAlDS#TERm|ConTACtlEss-auTH#20250530_82341,MCDONALDS,46.3,EUR,ONLINE,False,Food,False,False,False
TXN_202406_000369,2025-05-29,2025-05-29 18:25:08,494614809245:DUbLin/tAP_BeRLin_TrIP;iNteRNEt proVidER_Ref AUth_nI47Bn9V9 terM 8381877.DE poS;ref.PEndIng,INTERNET PROVIDER,12.53,EUR,CARD,False,Bills,False,False,False
TXN_202406_000370,2025-05-30,2025-05-30 03:51:18,pAyMEnT/POS ApP@ForEIGnexCHanGE_SubscriPtion@PARIS:Us/COMMisSIon@COmmISsiON_rEF@60629728:aUTh|gN9SLxSoL;reF|COmmIsSION:PAYmeNT,FOREIGN EXCHANGE,697.19,EUR,ONLINE,False,Other,False,False,False
TXN_202406_000371,2025-05-09,2025-05-09 18:54:44,xBOX|bErLiN*64039232 RECURRIng@cArd pur@tErM:tOPup,XBOX,43.98,EUR,CONTACTLESS,False,Entertainment,False,False,False
TXN_202406_000372,2025-05-20,2025-05-20 22:29:10,vISA|SamSUNG stoRE#INTl CaRD PaymENt@REf*5661528#tRAcE_AUTH,SAMSUNG STORE,10.48,EUR,CONTACTLESS,False,Shopping,False,False,False
TXN_202406_000373,2025-05-23,2025-05-23 07:59:48,TERM.wISe tRaNsFER:IE#AUTh*8451*23maY25|380090201115_rEF,WISE TRANSFER,282.23,EUR,TRANSFER,False,Other,False,False,False
TXN_202406_000374,2025-05-01,2025-05-01 21:37:14,CONTacTlEsS|EaST tRAVEL Eu_ExChanGE|ordER_REF.TERmiNAl reCURring:iRl@01MAY25;6010349532,EAST TRAVEL EU,42.18,EUR,CARD,False,Entertainment,False,False,True
TXN_202406_000375,2025-05-11,2025-05-11 22:17:44,BErLiN|reCURRING*2Aa1QzVYM6*sPaR:COMmiSSiON*MasterCaRD/rEf/IN-StORe.0611773987:PaYMeNT.auTH;cArD PAymeNT,SPAR,371.2,EUR,CONTACTLESS,False,Shopping,False,False,True
TXN_202406_000376,2025-05-15,2025-05-15 16:13:00,ShElL FuEL#LIMERICK@cArD pAYmenT-reCUrriNg|rEf.9496924|auth-R8Rlr4gvoh6d-tErm 16587,SHELL FUEL,342.59,EUR,TRANSFER,False,Transport,True,False,False
TXN_202406_000377,2025-05-19,2025-05-19 17:39:43,fREe noW.FEE_053686861540/CONtACtleSs;eXCHAngE;DE|RECurRINg#DUbLIN-BeRLiN|CHip-19may25;topup-rEF,FREE NOW,84.6,EUR,TRANSFER,False,Transport,False,True,False
TXN_202406_000378,2025-05-24,2025-05-24 11:15:56,DEBIT;AuTH/pOS-TerM/79581924873-816883@ECOmMERCe*tERmINaL;stAndInG oRdeR|Auth:JUice|bAR.eCoMMERce-aUTH.Nl-30JiAwb9fdE.mAdRiD.rEF,JUICE BAR,36.54,EUR,CARD,True,Food,False,False,False
TXN_202406_000379,2025-05-30,2025-05-30 07:12:22,TRaNsfEr#SUbSCriPtIOn BiLl;uK;subSCriptIoN_EcomMErcE.FX@20250530;rEf:07255252048_AUth#l06u3dK5P0@TErm|446856#tERm@AutH,SUBSCRIPTION BILL,281.35,EUR,CARD,False,Bills,False,False,False
TXN_202406_000380,2025-05-24,2025-05-24 01:55:58,KIOsk;MrI SCAn_DELiverY*MADRId;IRl_cOnTaCTleSS@rEf*93610960537|DubLIN,MRI SCAN,431.57,EUR,CARD,False,Healthcare,False,False,False
TXN_202406_000381,2025-05-13,2025-05-13 09:23:05,ecoMMeRCE#reF;uS_2625443/PaRIS-sPAR,SPAR,93.85,EUR,ONLINE,False,Shopping,False,False,False
TXN_202406_000382,2025-05-10,2025-05-10 02:43:54,ECOm*bAkErY HOUSE_FX#Ref@098361301_BaTch,BAKERY HOUSE,9.71,EUR,CARD,False,Food,False,False,True
TXN_202406_000383,2025-05-21,2025-05-21 07:26:24,tracE@FX*LondoN_OnlinE-PHySio cENTEr/bOOKinG|EcoM_tERMinAL|ecOM,PHYSIO CENTER,283.67,EUR,ONLINE,False,Healthcare,False,False,False
TXN_202406_000384,2025-05-02,2025-05-02 06:08:13,ecOm.TaP;mOBiLe/foOd TrUcK*dELIvery IRl#aUTH|7sS0GHRE*tERm#464046,FOOD TRUCK,56.07,EUR,CONTACTLESS,False,Food,False,False,False
TXN_202406_000385,2025-05-02,2025-05-02 12:41:39,081931;cHarGeBACk COrK*ECoM;AuTH/tRip/aUTH;vuM9bUbPCq rEf,CHARGEBACK,2389.23,EUR,TRANSFER,False,Other,True,False,False
TXN_202406_000386,2025-05-15,2025-05-15 16:17:31,eCOm;MASTErCard#UBEr@TOpUP*pAris@nl@ECommERce|CoMMISSIon|REF;600309:auTh@F0r1wWhKx#Term|1963,UBER,91.56,EUR,CONTACTLESS,False,Transport,False,False,False
TXN_202406_000387,2025-05-11,2025-05-11 07:12:44,SubscRiPTioN#ReF|CaRD IA2mcZTQo9I0#EtSY kIOsk_aUtH 1485763,ETSY,479.1,EUR,TRANSFER,False,Shopping,False,False,False
TXN_202406_000388,2025-05-24,2025-05-24 02:37:09,tap/Aldi/Fx|rEf|82337389652;auTh:EGY152Ise0M;teRm 5855034*Fx#term#tERm,ALDI,469.82,EUR,TRANSFER,False,Shopping,False,False,False
TXN_202406_000389,2025-05-22,2025-05-22 11:21:49,TRAnSfER*POs/ICe;cREAM;sHoP-limeRICk:sETtLemENt|rEF/469274147253@tErM 48989/IRl@SEq,ICE CREAM SHOP,31.25,EUR,CARD,False,Food,False,False,False
TXN_202406_000390,2025-05-19,2025-05-19 02:26:23,dIrect dEBIt/dEbit/PoS#DOmInoS@toPup*20250519:REF:561378-AUth*7vVJ0N2H7_teRM@2611,DOMINOS,29.01,EUR,TRANSFER,False,Food,False,False,False
TXN_202406_000391,2025-05-23,2025-05-23 00:36:16,AUtH.19928195250:LondoN@Tap.cOMPlEte_NOrTH_DiNer_INc;k9727T#coMPlEte_reCURriNG;REf*IN-stoRE,NORTH DINER INC,605.08,EUR,CONTACTLESS,True,Other,False,True,True
TXN_202406_000392,2025-05-06,2025-05-06 15:38:35,ReF/MadRID;atmWiTHdRAWal|703320;web:topup.2Nu8bL8dgX;suBSCRIPtION.aUTh,ATM WITHDRAWAL,675.31,EUR,ONLINE,False,Other,False,False,False
TXN_202406_000393,2025-05-14,2025-05-14 13:15:52,cARD Pur gaS#BiLl@iRL-EXcHangE*FEe_SETtleMEnt 14MAY25|rEF.33122429765-autH.3aOtg4_tErm 3298366*REF;33122429765-3aoTg4,GAS BILL,230.68,EUR,CARD,False,Bills,False,False,False
TXN_202406_000394,2025-05-04,2025-05-04 17:01:28,deLiVerY:113584@STEaM.Fr/rEF_sEtTLemENT-GaLwAy*Fx-04MAY25;masTercaRD;TErm|908962650363,STEAM,26.95,EUR,TRANSFER,False,Entertainment,False,False,True
TXN_202406_000395,2025-05-31,2025-05-31 23:35:56,cArd;CREDit_HBo MAX.bILl|UK:oNlINE_TrANSACtion-reCurRIng|20250531/aUth-35mr83DE2Ng@AUTh CREDit-RecUrRIng:auTH,HBO MAX,55.86,EUR,CONTACTLESS,False,Entertainment,False,False,True
TXN_202406_000396,2025-05-17,2025-05-17 17:34:55,eCOM;CirClE K.BilL/fR*ReCuRRINg_TeRMinAL:reF 894728595127,CIRCLE K,93.32,EUR,ONLINE,False,Transport,False,False,False
TXN_202406_000397,2025-05-02,2025-05-02 22:30:21,STANDING ordER-MOBiLe:hBo mAX@suBscRipTioN_BERlIN;AUtH;TErMINAL*COMmIsSiON;20250502@rEf|940973147388.tERM:483785|Seq:berlin#termiNAl,HBO MAX,46.36,EUR,CONTACTLESS,False,Entertainment,False,False,False
TXN_202406_000398,2025-05-24,2025-05-24 05:33:22,So-CHARIty|DonATION-BookiNg.20250524*TeRM#62784,CHARITY DONATION,1483.31,EUR,TRANSFER,False,Other,True,False,False
TXN_202406_000399,2025-05-20,2025-05-20 22:59:37,IRL-MastERCaRD-582432091|iRl@sAnDWIch co#20MAy25*SANDWIcH co;US:auTh_rEf,SANDWICH CO,39.36,EUR,ONLINE,False,Food,False,False,False
TXN_202406_000400,2025-05-24,2025-05-24 16:41:28,dD ECOM|gYm_mEmbErShIp_reF|85952915413-IE.seq,GYM MEMBERSHIP,309.0,EUR,CONTACTLESS,False,Bills,False,False,False
TXN_202406_000401,2025-05-05,2025-05-05 07:10:31,505199|Uk.broADBand BIll iNTL;ExcHange.20250505_Q1l84cJ/cOmMIsSioN;aUtH#PayMENT/REF,BROADBAND BILL,98.08,EUR,CARD,False,Bills,False,False,False
TXN_202406_000402,2025-05-03,2025-05-03 15:54:46,752899516790*DIreCT dEbit/Et2ELly9*starbuckS|madrid@reF.TERM_PoS-08580_aUTh_ToPUP,STARBUCKS,6.16,EUR,ONLINE,False,Food,False,False,False
TXN_202406_000403,2025-05-31,2025-05-31 23:59:57,TRace-uniqLo-aUtH_AUth*2IYtpwSdz@comPletE|in-sTOre|reF tAP/019993927*authcoDe,UNIQLO,39.18,EUR,CONTACTLESS,False,Shopping,False,False,False
TXN_202406_000404,2025-05-06,2025-05-06 12:13:20,CArD Pur-viSA#fArMErS/MarkEt:toPuP|GALwaY_auThcOdE*ref_10209556146#TERm_5094526-SeTTleD:ie SETtlED TErm,FARMERS MARKET,47.8,EUR,TRANSFER,True,Food,False,False,False
TXN_202406_000405,2025-05-20,2025-05-20 02:58:39,CarD pur#cHIp:WEb#tV LiCensE|ORdER;ref#4250530_auTh-4IYDNGpp55By:terM:2672691@duBlIN*tXN,TV LICENSE,16.57,EUR,ONLINE,True,Bills,False,False,False
TXN_202406_000406,2025-05-07,2025-05-07 23:51:14,IRl pUrCHaSE#PurCHaSe*IE*TerM:LImEricK.STAnDIng Order_087384/20250507:1779.20250507@eBAy@rEf:DElIVeRy|AUTh/SOJY7uC9frR-EBAY,EBAY,135.39,EUR,ONLINE,False,Shopping,False,False,False
TXN_202406_000407,2025-05-31,2025-05-31 10:45:27,AutH_PAyMENt_rEF@tICKeTmasteR.s1208wu55C5w:403661:4056641;bOoKING/tERM@LIMERiCK,TICKETMASTER,32.55,EUR,CARD,False,Entertainment,False,False,False
TXN_202406_000408,2025-05-10,2025-05-10 19:17:08,dEntaL CArE#bill;MerchANT AUTHcoDe CArd PaymEnt-10MAY25_ref.721204627:aUtH*69Xh5zP9@tErm;48938,DENTAL CARE,47.86,EUR,CONTACTLESS,False,Healthcare,False,False,False
TXN_202406_000409,2025-05-31,2025-05-31 14:23:39,auTH-DEBiT:778654920.ngTIDM6a;DUnKIN.Ref@DUbLiN|DuBlin*CONTaCtlESs.aUTh.DD,DUNKIN,56.45,EUR,CONTACTLESS,False,Food,False,False,False
TXN_202406_000410,2025-05-10,2025-05-10 16:26:33,apProved:settLEd@AUTh:LONDOn#77110661707:PUrCHaSE.h8e7bi3/REF.FEe|pin:bAkERY/HoUSe/dD,BAKERY HOUSE,50.76,EUR,CONTACTLESS,False,Food,False,False,False
TXN_202406_000411,2025-05-23,2025-05-23 06:54:03,REf|dE#sUBSCRiPTiOn|settleMenT PIzza:Hut;75168125997,PIZZA HUT,112.93,EUR,TRANSFER,False,Food,True,False,False
TXN_202406_000412,2025-05-17,2025-05-17 21:21:54,8316;REf_PAYMeNT*dd#TxN/CoRk@heaLTH sTOre;TrAce#4JyEu3Qah*dEbit:tErM#65769481350*auTh,HEALTH STORE,258.04,EUR,TRANSFER,True,Healthcare,False,False,False
TXN_202406_000413,2025-05-18,2025-05-18 13:20:34,cHIP_weB_aMAZOn@irl apprOved#ApPROVed#CARD payment*18MaY25@reF;104795106497_aUth:6dimqz,AMAZON,230.77,EUR,CONTACTLESS,True,Shopping,False,False,False
TXN_202406_000414,2025-05-22,2025-05-22 17:38:50,PaYmENt/WALGrEenS|ordeR|onLInE ReF#923415385544/AUTH.eYGbcPC5AX.ApPROved,WALGREENS,414.0,EUR,CONTACTLESS,False,Healthcare,False,False,False
TXN_202406_000415,2025-05-01,2025-05-01 08:08:51,carD PUr;CREdIt*tErmInaL#uRBaN#diNer#GroUP*SUbscrIpTIon reF#2251884_AUTH@C32RbS43HsO|teRM|3332,URBAN DINER GROUP,295.5,EUR,TRANSFER,False,Bills,False,False,True
TXN_202406_000416,2025-05-01,2025-05-01 17:46:51,Auth@Ref|tErm*9521205;SubsCrIPtiOn#visA*SAnDWiCH*CO;511620860318*DIbBfR0Ayv,SANDWICH CO,8.81,EUR,ONLINE,False,Food,False,False,False
TXN_202406_000417,2025-05-01,2025-05-01 16:09:57,aTM#WithdrawaL;auTH@uS:BOoking-z1TgH5hiFEC*aPPrOVed*TerMiNal#ECOMmerCe/20250501_mADRID,ATM WITHDRAWAL,423.06,EUR,TRANSFER,True,Other,False,False,False
TXN_202406_000418,2025-05-12,2025-05-12 00:31:27,20250512;sEq/ParIS.aUTH_pIn|app;uniQLO-BOOKing|20469_TERM,UNIQLO,240.15,EUR,TRANSFER,False,Shopping,False,False,False
TXN_202406_000419,2025-05-13,2025-05-13 18:50:29,deBiT;Kiosk;InsUrance PrEMiUm/oRdER*fX*COmMISsIOn#mERchaNt;REF;9577168543 apProVeD@AUTh,INSURANCE PREMIUM,56.8,EUR,CONTACTLESS,False,Bills,False,False,False
TXN_202406_000420,2025-05-27,2025-05-27 11:35:27,3LqbwP4nLF8*zArA_ECOMMERCe_12352068:ECOm.SEtTlEmeNt.Irl/Ref.mOBile-AUTH,ZARA,425.41,EUR,CARD,False,Shopping,False,False,False
TXN_202406_000421,2025-05-17,2025-05-17 11:33:36,DeBIt SHakEshAck@bOOKING LimeRiCk*pENDIng-tRANsACTiON/ExcHANge_AUtH-TAVf22R2@TERM/73758372 seq.dubliN,SHAKE SHACK,4.75,EUR,TRANSFER,False,Food,False,False,False
TXN_202406_000422,2025-05-05,2025-05-05 04:04:48,PiN/web_bIstRO-BoOkING@Paris;iRL*appRoVeD.EcOmmerce FEE#05maY25@reF_1909449;SettLEd|BAtcH,BISTRO,29.22,EUR,CARD,False,Food,False,False,True
TXN_202406_000423,2025-05-19,2025-05-19 07:13:12,Ecom mAsTERcArd*Juice bAR|PAYMeNT GAlway*onLINe-TERmiNaL|COmpleTE_REf/74410617 AUTh seQ,JUICE BAR,54.62,EUR,CONTACTLESS,False,Food,False,False,False
TXN_202406_000424,2025-05-05,2025-05-05 08:51:24,tRACE|REF@TERM;DEBiT/MErCHant 381490#GOVt/SERvIce_MAdRiD/seTtlED@7110230356:TeRmINAL,GOVT SERVICE,72.23,EUR,ONLINE,False,Other,False,True,False
TXN_202406_000425,2025-05-18,2025-05-18 13:30:53,5758270.AuTh REF ecoM#paymEnt-Nea0xgE9O1/trAce_txN#card paYMenT@18MAY25#AuTh@ATM WIThDrAWAl,ATM WITHDRAWAL,259.57,EUR,ONLINE,False,Other,False,False,False
TXN_202406_000426,2025-05-11,2025-05-11 11:25:35,20250511-TERm|piN/EcOmMERcE-19408847533:bIsTrO|2335952|puRcHasE@SO-REF_ORdeR|us,BISTRO,128.55,EUR,CARD,False,Food,True,False,False
TXN_202406_000427,2025-05-07,2025-05-07 05:51:51,tXn KIosk|mISC PaYmeNT#AuTH@77230720630_20250507/subscrIPtioN/rEf purCHAsE:recUrriNG carD Pur,MISC PAYMENT,780.12,EUR,CONTACTLESS,False,Other,False,False,False
TXN_202406_000428,2025-05-10,2025-05-10 09:18:51,CONTACTLeSS;north;ELeCtRiCs;Eu_ApPRovEd#ReF:879434066768 aUth caMSo64VC7a.TeRm.0557|ie_term:camso64vc7A/aUTh,NORTH ELECTRICS EU,343.97,EUR,CONTACTLESS,True,Other,False,False,True
TXN_202406_000429,2025-05-05,2025-05-05 23:18:05,TErm-City oUtLeT pLC_bATCh;675108;aUth;PaYMent:QuS3t7c69B|Seq#56505@REf,CITY OUTLET PLC,8.11,EUR,CONTACTLESS,False,Food,False,False,True
TXN_202406_000430,2025-05-22,2025-05-22 03:50:27,TAp:hEALth stoRE-berLIN_Ie.TERmInaL_tErminaL|fee/20250522*rEf/8206489042_aUTh#9FljO6qvcz82.baTcH,HEALTH STORE,259.56,EUR,ONLINE,False,Healthcare,False,False,False
TXN_202406_000431,2025-05-04,2025-05-04 13:46:03,MeRCHaNt-3423193492|9821#duBlIn@REF/terM*mEtRO.sTOrE.inc;nl,METRO STORE INC,71.09,EUR,ONLINE,False,Entertainment,False,False,True
TXN_202406_000432,2025-05-25,2025-05-25 00:06:05,TErM@aUTh:3970996 LImEriCK PArKING MeTER_20250525@So|SEtTLeD-tErmiNal.pFftzQ7n-DEBIT*aUTH,PARKING METER,18.27,EUR,TRANSFER,False,Transport,False,False,False
TXN_202406_000433,2025-05-25,2025-05-25 12:46:02,COntAcTLeSS-METrO|buS/TriP:DubLiN CONTaCTlEss*SetTlemeNt 25May25|ref#686193/auth*47R05V#TERM 5900529:seTTlED*aUTh,METRO BUS,78.91,EUR,ONLINE,False,Transport,False,False,False
TXN_202406_000434,2025-05-25,2025-05-25 07:42:59,IE:vIsA.TRaCe*ie:FX cHArITY DOnAtiON@AUth_TrIp@fx_58946383342|REF@trace;RZ3wzDsB5,CHARITY DONATION,457.28,EUR,CARD,False,Other,False,False,False
TXN_202406_000435,2025-05-01,2025-05-01 18:29:15,rEF.es@AUTH;MasterCARD-BAtCH@45852007*oPTIciAN#LimERicK;bOOkINg/TXn@z9Wd5V7,OPTICIAN,450.5,EUR,CARD,False,Healthcare,True,False,True
TXN_202406_000436,2025-05-11,2025-05-11 06:06:36,excHaNGE.xRay CliNic-0645535015@tERMinAL PEnDing#XsscQJVyprPL/pAYMent_Ref#auTh,XRAY CLINIC,43.95,EUR,CARD,False,Healthcare,False,False,False
TXN_202406_000437,2025-05-13,2025-05-13 01:17:00,UtiLiTy/paYmeNt SuBScription|GalWaY_cOMMISsiON reF@86352046:aUth#N2YcSzhz txN ie,UTILITY PAYMENT,260.74,EUR,CONTACTLESS,False,Bills,False,False,False
TXN_202406_000438,2025-05-12,2025-05-12 21:56:38,DE;ONlInE#SHOP-20250512@WeB/TxN tXN_payMENt/So,ONLINE SHOP,201.31,EUR,TRANSFER,False,Shopping,False,False,False
TXN_202406_000439,2025-05-23,2025-05-23 15:11:49,16290067896/cOmMissiON;TopuP/rEF#APp PEnDinG@cAR_InSURAnCE#Auth@pENDInG,CAR INSURANCE,318.53,EUR,CONTACTLESS,True,Bills,False,False,False
TXN_202406_000440,2025-05-10,2025-05-10 23:18:44,fEE.PoS BAnk feE.AUTH:MobiLE#TRansACTION_BIll.REF:200395092393@tRaNsactiON@tAp 9b0VK8f3x@tAp,BANK FEE,245.63,EUR,ONLINE,False,Other,False,False,False
TXN_202406_000441,2025-05-16,2025-05-16 09:33:06,PARis/cOMMIssion/ChIPPeR@OnliNe:TermiNal-deLivERy|SEq/MERChAnt@eCOm,CHIPPER,41.9,EUR,CONTACTLESS,False,Food,False,False,False
TXN_202406_000442,2025-05-17,2025-05-17 09:13:48,EcOM-dEbit-muSeUm pASs|topUP:paris.COntactLESS*REf|948354889166 aUtH-8k46Qe0M;terM@6517.seq;termInal,MUSEUM PASS,64.56,EUR,CARD,False,Entertainment,False,False,False
TXN_202406_000443,2025-05-12,2025-05-12 20:37:50,MaSTErCaRd-weNDYs|NL_Fx MeRchant|RECUrriNG 20250512-reF@2000979;AUTh_RPE5Xe4E5Yw4.teRm_72242042,WENDYS,34.72,EUR,ONLINE,False,Food,False,False,False
TXN_202406_000444,2025-05-26,2025-05-26 02:57:47,InTerESt cHaRgE#De;aUtH rEf:28767062998/TErM@4784:IRL#IRl,INTEREST CHARGE,686.43,EUR,TRANSFER,True,Other,False,False,False
TXN_202406_000445,2025-05-24,2025-05-24 05:51:48,34086.TERm eCommeRCe-62510456272@dElIVeRY-ref*TAP-HEalTH inSuRaNCE,HEALTH INSURANCE,287.63,EUR,TRANSFER,False,Bills,False,False,True
TXN_202406_000446,2025-05-16,2025-05-16 08:59:52,474713230 hEALtH insUrance*16May25@APprOveD.eCOM@termInAl/tERMINaL|REF PoS,HEALTH INSURANCE,55.68,EUR,CARD,False,Bills,False,False,False
TXN_202406_000447,2025-05-17,2025-05-17 00:44:53,tv lICENse@IN-SToRE-AuTh*934238679030#17maY25/REF/direct Debit.T1UZYmpr4gdp,TV LICENSE,152.39,EUR,CARD,False,Bills,False,False,False
TXN_202406_000448,2025-05-13,2025-05-13 20:04:11,BROadBanD-bilL*orDer/lImeRICk*EXcHANge|13maY25;ReF-547692744766-Auth:avLeR8#Term#713561#TrAce,BROADBAND BILL,66.46,EUR,CARD,False,Bills,False,False,False
TXN_202406_000449,2025-05-18,2025-05-18 16:49:28,payMenT:EcOm-MuseUM PAss;duBLiN;ReF:010439799#dubLIN-Ref,MUSEUM PASS,117.8,EUR,CARD,False,Entertainment,True,False,False
TXN_202406_000450,2025-05-21,2025-05-21 10:57:53,Ncp paRkINg_dELivErY@LOndON#reF*543745;aUth/HPzAbSx78XB@TerM|67424922;DubLIN@setTLED,NCP PARKING,3.85,EUR,ONLINE,False,Transport,False,False,False
TXN_202406_000451,2025-05-12,2025-05-12 14:46:06,livE nAtIon;11397845547|d3m8tohjfN1:vIsA-wEb/rEf*DIrecT DEBiT_AutH@nL#irL#contaCTLEss,LIVE NATION,65.09,EUR,ONLINE,False,Entertainment,False,False,False
TXN_202406_000452,2025-05-08,2025-05-08 21:28:55,DeBiT_mRi SCaN Ref;564458248190@AUTh/42ywBNGGjxix TERmInaL,MRI SCAN,390.12,EUR,CONTACTLESS,False,Healthcare,False,False,False
TXN_202406_000453,2025-05-30,2025-05-30 22:34:20,Paris GYmMeMbersHiP_rEF#860262316661_SuBScRipTiOn|20250530|OnLiNe|cARD/irl/compleTe,GYM MEMBERSHIP,313.97,EUR,TRANSFER,False,Bills,False,False,False
TXN_202406_000454,2025-05-02,2025-05-02 08:00:09,coMmissioN@45119170_tAP.DuBlIn|inTl@kiOsK;451508293122@tErM@bookINg_prImE vIDEo:tRAnsFeR.PeNDIng*Ref-Ie,PRIME VIDEO,36.0,EUR,ONLINE,False,Entertainment,False,True,False
TXN_202406_000455,2025-05-21,2025-05-21 11:53:48,reF|aUtH*Dp3qoi|MoRTgAGe pAymENt#21mAy25|Irl.teRmInaL_848433433235/PArIs apPROvED,MORTGAGE PAYMENT,202.76,EUR,TRANSFER,False,Bills,False,False,False
TXN_202406_000456,2025-05-09,2025-05-09 14:44:27,cArD pUR/dEbiT:POS#farmErs MARkET;oRdER#Es/CompLeTe Auth;puRchasE:AUth:r38IS1RAw0m:FaRmers MARKet,FARMERS MARKET,48.6,EUR,CARD,False,Food,False,False,False
TXN_202406_000457,2025-05-24,2025-05-24 20:25:27,23182;iE_rEF.eCOm|IrISh*RaIL*078730721;ExchANGe-TeRMINAL/TERM,IRISH RAIL,8.02,EUR,TRANSFER,False,Transport,False,False,True
TXN_202406_000458,2025-05-14,2025-05-14 19:02:12,stAndIng ORDER#kiOSk*h&m_ORDer.SeTtleMENt 20250514*TXn/teRmInAl,H&M,363.66,EUR,CARD,False,Shopping,False,False,False
TXN_202406_000459,2025-05-18,2025-05-18 11:49:24,CONTactLESS_InSuRaNcE#PReMIUM@COnTActLESs/onLiNe.comPlETE/AUTh IP6c9NsJ3|setTLed,INSURANCE PREMIUM,276.39,EUR,CONTACTLESS,False,Bills,False,False,False
TXN_202406_000460,2025-05-14,2025-05-14 16:13:44,trAce@TOpup*DecaThLoN#cj6PQeHY:14maY25/GaLWay_dd*wEB_ref#AuTh 435704337884,DECATHLON,212.39,EUR,CONTACTLESS,False,Shopping,False,False,False
TXN_202406_000461,2025-05-09,2025-05-09 22:33:52,492557#AUth.recuRrINg|IN-storE pOS-meRchanT PBB3U68@9794929894;ChIp@Ref/toll roAD_tERM*GaLwAY,TOLL ROAD,113.55,EUR,CARD,False,Transport,False,False,False
TXN_202406_000462,2025-05-13,2025-05-13 04:32:07,stANdiNg Order DeBiT:THE PHArmACY inC_TopUp*MAdRID.13MAy25 reF:7517678:AUtH*15RNL3:teRm@643199.tERMiNAl_643199,THE PHARMACY INC,296.1,EUR,CONTACTLESS,False,Shopping,False,False,True
TXN_202406_000463,2025-05-26,2025-05-26 03:59:39,6515374*kFc*aUTH Q44tO21YZ7_traCE#rEF:pin#FEE_ORder|AutH,KFC,27.85,EUR,TRANSFER,False,Food,False,False,False
TXN_202406_000464,2025-05-08,2025-05-08 13:33:06,StaNdINg oRdEr*stARbUcKs-mADRId#iRL/Auth@20250508_Ref:683180082187|tERm/06715531-STANdING ORdEr/STAnDIng ORdEr,STARBUCKS,21.21,EUR,CONTACTLESS,False,Food,False,False,False
TXN_202406_000465,2025-05-24,2025-05-24 14:59:55,payMEnT.terMiNAL-Food Truck;topuP:LonDON eXCHAngE/cArd payment#reF;09572822/seTTLed,FOOD TRUCK,24.59,EUR,CARD,True,Food,False,False,False
TXN_202406_000466,2025-05-01,2025-05-01 10:57:14,app|H&m#TriP lImERiCk:Ref;24893243790|AutH/HSpFbFf966/dUbLIN,H&M,381.27,EUR,ONLINE,False,Shopping,False,False,False
TXN_202406_000467,2025-05-12,2025-05-12 17:16:36,PaYMEnt:App_BaNk#FeE;oRDEr/MADRID#es.MeRChAnt.fEE@SubSCrIpTIOn_irL#oRdER|subScriptIon,BANK FEE,642.43,EUR,TRANSFER,False,Other,False,False,False
TXN_202406_000468,2025-05-23,2025-05-23 01:10:50,POs-TERm_58236552:londoN:241249538@auTh#7TR9yBc06DRR/Ref|ZaRA/SUBSCrIpTION@TrANSfER,ZARA,290.5,EUR,CONTACTLESS,False,Shopping,False,False,False
TXN_202406_000469,2025-05-31,2025-05-31 15:31:01,rEF@cARd pUR|9629639623*Ie#20250531@auTH_grEeN-pHArmacY-gROUp,GREEN PHARMACY GROUP,57.65,EUR,CONTACTLESS,False,Food,False,False,True
TXN_202406_000470,2025-05-12,2025-05-12 10:17:49,SUbsCRIpTiOn@1919321929|Ref_duBlin#stANDing order|SUbscripTIon:buS*eIREaNN#dEbIt-terminAL,BUS EIREANN,35.88,EUR,TRANSFER,False,Transport,False,False,False
TXN_202406_000471,2025-05-27,2025-05-27 19:04:52,014785839#TRacE.rEF chiP|cOmMISsIon/20250527;SOUThOUtLetEU/cYjqE5Anut@aUth;appROvED#SetTleMEnt,SOUTH OUTLET EU,26.8,EUR,CARD,False,Entertainment,False,False,True
TXN_202406_000472,2025-05-17,2025-05-17 07:25:13,Debit-DEliveRy|1QA1Dwme_tErM@DeLiVerY*ApprOVED*AuTh;rEF@103955.Tesco|StAndiNg ORDeR 228103*tErm.ApPROVED#GAlWAy@sTanding ORdEr,TESCO,413.04,EUR,CARD,True,Shopping,False,False,True
TXN_202406_000473,2025-05-09,2025-05-09 05:50:41,oNliNe-tERM#AppROvED@uRban;StoRE;Co-09may25*CONtaCTLeSS.99964912#REf:99964912|ref CompLEtE_crEDit|6022:APprovED,URBAN STORE CO,76.5,EUR,TRANSFER,False,Shopping,False,False,True
TXN_202406_000474,2025-05-15,2025-05-15 22:26:19,Ref-de@jN6Y830x-tesCO:TrACE-OnLine Auth#ordEr_DuBLIn*cArD pur:255829027#OrDEr:MaStErCard_mOBILe,TESCO,8.47,EUR,CARD,True,Shopping,False,False,False
TXN_202406_000475,2025-05-26,2025-05-26 01:59:56,p6CCeQl#YOuTUBe PrEmiUM/20250526|TriP.direcT DEbit-Auth;tap,YOUTUBE PREMIUM,73.5,EUR,ONLINE,False,Entertainment,False,False,False
TXN_202406_000476,2025-05-26,2025-05-26 15:10:22,caRD|MObilE tHe homE StoRE@TopuP*Auth/auThCOdE:pURCHASe|26MAy25/rEf@460519236_AuTH#vv7IxlLjO,THE HOME STORE,358.51,EUR,ONLINE,False,Shopping,False,False,False
TXN_202406_000477,2025-05-02,2025-05-02 03:03:09,ConTaCtLeSs@PIN.biKe sHArE:LiMEriCK*Irl.cOMMissiON/ReCurrINg#purCHaSe|ref@60482245|AUth/F8J6PhA6F,BIKE SHARE,31.5,EUR,CONTACTLESS,False,Transport,False,False,False
TXN_202406_000478,2025-05-21,2025-05-21 16:06:41,dUBlin#dEBIt-RECUrrING;seQ-ref:969eC0f_302454650*AUdIBLe/PEndiNG/aUth*bOoKiNg,AUDIBLE,75.26,EUR,CARD,False,Entertainment,False,False,True
TXN_202406_000479,2025-05-06,2025-05-06 13:42:26,EcoM#Visa.loan PAYMEnt*INTl|onliNE#COMmISSioN 06MAY25@ReF.274377.setTlED/Ie;CoMMisSioN@06MAy25/EcoM,LOAN PAYMENT,170.16,EUR,CONTACTLESS,False,Other,False,False,False
TXN_202406_000480,2025-05-30,2025-05-30 22:27:31,pOs;CASh witHDraWAl@ExChaNgE/fx coMPleTe-rEF_41981058|aUTh@1R9GGSpAj:Term_8556262/IRL_baTCH,CASH WITHDRAWAL,126.33,EUR,CONTACTLESS,False,Other,False,False,False
TXN_202406_000481,2025-05-31,2025-05-31 07:26:27,ECOM:zaRa|PaRIS.InTl|ContACTlEss;reF#6780008916/tErm 0331904,ZARA,306.12,EUR,TRANSFER,False,Shopping,False,False,False
TXN_202406_000482,2025-05-16,2025-05-16 15:26:42,486069;20250516/sEq FR/pOS_NcP:ParkINg_rEf-REF*GALWAY-TRansactiOn|STaNDIng OrdER@REcURrINg|FR_FR#cONTActLESs,NCP PARKING,67.56,EUR,CARD,False,Transport,False,False,False
TXN_202406_000483,2025-05-02,2025-05-02 07:08:30,dirECT deBit|pOs MEdicaL;ClINIc;pAYmenT/appRoVEd|auTH|EFUeWPCjAY,MEDICAL CLINIC,159.43,EUR,CONTACTLESS,False,Healthcare,False,False,False
TXN_202406_000484,2025-05-12,2025-05-12 11:22:34,rEf:paYMEnT#Irl@spar;rEF@881801 iRL,SPAR,296.83,EUR,CONTACTLESS,False,Shopping,False,False,False
TXN_202406_000485,2025-05-11,2025-05-11 06:39:15,MOrtgAGE PaYmENT TERm:ecom-TxN_rEcurRInG/BWOF95m|fX;Txn-rEf in-stOrE|dE#0705.ref*tRAnSACtiOn|646604441*AutH,MORTGAGE PAYMENT,62.92,EUR,CONTACTLESS,False,Bills,False,False,False
TXN_202406_000486,2025-05-21,2025-05-21 12:13:02,8094604/qO300T/66638258254:suBSCRipTiON.pos#LonDOn*DebiT;SUbScRiPtion BIll aUth;tERm-ECOMMErCE_REF,SUBSCRIPTION BILL,52.7,EUR,TRANSFER,False,Bills,False,False,False
TXN_202406_000487,2025-05-06,2025-05-06 22:59:32,20250506*auTH#0212360-TransFEr.cOmPLeTE-Ne4590-LonDON:teRM_coMMIsSiOn*391057*REf#GOvT SErvICe,GOVT SERVICE,106.53,EUR,ONLINE,False,Other,False,False,False
TXN_202406_000488,2025-05-08,2025-05-08 03:51:34,ecommERcE:EtsY|cOntactlEss FR@reF;9226243159 poS#so:ToPUp*08MAY25,ETSY,166.02,EUR,CARD,False,Shopping,False,False,False
TXN_202406_000489,2025-05-21,2025-05-21 08:46:04,ToPUp|nL.21MaY25@reF_pArKINg meteR*chiP@TerMiNaL*16636434-dubLIn.ReCURrING,PARKING METER,109.38,EUR,TRANSFER,False,Transport,True,False,False
TXN_202406_000490,2025-05-25,2025-05-25 23:47:46,rkf6bJY6vv:ecoM.OrdER pROPErTY#MgMT_COmmisSIon fEe:ReF@AUTh;8840434;PaRiS,PROPERTY MGMT,258.82,EUR,CONTACTLESS,False,Bills,False,False,False
TXN_202406_000491,2025-05-10,2025-05-10 18:11:57,APplEstoRE@rEF|viSA-paymeNt-DELIvErY.US:55450710112,APPLE STORE,404.8,EUR,CARD,False,Shopping,False,True,False
TXN_202406_000492,2025-05-13,2025-05-13 11:41:10,623205790#TAP@ie:20250513-rEF@PAyMent#auTH-msWrx6561Es@TRaCe@ECOMmERce/aMZn-MKTPLace|LImERicK*recUrrIng PaYMeNt;APprOved fee,AMZN MKTPLACE,155.11,EUR,CONTACTLESS,False,Shopping,False,True,False
TXN_202406_000493,2025-05-05,2025-05-05 01:27:54,EIR/50956;Term-intl;20250505:rEF 848560772647|DiRect dEbIt*EIr|Nl aPPRoVed#rEf-iNTl/BIlL_TXN,EIR,266.61,EUR,CARD,False,Bills,False,True,False
TXN_202406_000494,2025-05-28,2025-05-28 06:51:16,cARd/rEF/BATCH@rECURRING#MERCHaNt_VisIOn CaRE.cOmPleTE,VISION CARE,350.59,EUR,ONLINE,False,Healthcare,False,False,False
TXN_202406_000495,2025-05-13,2025-05-13 20:38:10,CaRd pUR|TERmInal|WALgreENs TOpUP_Es|MErcHanT.CoNTACtLEsS|ECOMMErCE.13mAY25;REF_6436192 TErM-2706,WALGREENS,339.22,EUR,CARD,False,Healthcare,False,False,False
TXN_202406_000496,2025-05-04,2025-05-04 03:25:12,KioSk:Pret.a.mANgeR;delivery-Cork_intL AuThCoDE#peNDinG;04MaY25_REf;741177#aUth rz5mTiLe*TERm 34740694|REF-Txn,PRET A MANGER,11.76,EUR,ONLINE,False,Food,True,False,False
TXN_202406_000497,2025-05-18,2025-05-18 18:08:42,so/In-sTORE*GOvT sErvicE-deLIvErY auTh*Xph7wgS sEQ,GOVT SERVICE,789.12,EUR,ONLINE,False,Other,False,False,False
TXN_202406_000498,2025-05-08,2025-05-08 19:00:44,497568250-pos#reF:wesT#phArMacY#GRouP|APproved.KiOSK us;316431:TErm,WEST PHARMACY GROUP,70.43,EUR,CONTACTLESS,False,Transport,False,False,True
TXN_202406_000499,2025-05-28,2025-05-28 13:09:28,cArd pUr creDIt aPP north.ELeCTRICS.pLc.suBSCRIption;ReF/5483913715@TXN|trAcE,NORTH ELECTRICS PLC,68.29,EUR,ONLINE,False,Entertainment,False,False,True
TXN_202406_000500,2025-05-22,2025-05-22 02:28:49,AutH|bERLin-eaSt cLIniC SeRViCeS:aUTh*pAYMEnt/batCh_TrANSFeR;20250522;ACRPqN,EAST CLINIC SERVICES,295.33,EUR,TRANSFER,False,Healthcare,False,False,True
